Intern_ID,Name,Age,Gender,Education_Level,Location,Department,Duration,Stipend,Mentor_Assigned,Mentor_Meetings,Tasks_Completed,Attendance_%,Status
INT0001,Intern_1,27,Male,Undergraduate,Islamabad,Marketing,1 Month,Paid,No,0,6,79.5,Completed
INT0002,Intern_2,27,Male,Undergraduate,Karachi,IT,1 Month,Paid,Yes,13,15,72.5,Enrolled
INT0003,Intern_3,22,Female,Graduate,Quetta,Engineering,1 Month,Paid,Yes,10,7,54.6,Dropped
INT0004,Intern_4,25,Female,Undergraduate,Bahawalpur,Marketing,3 Months,Paid,No,0,6,77.6,Dropped
INT0005,Intern_5,20,Male,Undergraduate,Peshawar,Legal,3 Months,Unpaid,Yes,7,7,69.0,Completed
INT0006,Intern_6,20,Female,Graduate,Peshawar,Operations,3 Months,Unpaid,Yes,19,41,58.6,Completed
INT0007,Intern_7,19,Female,Graduate,Peshawar,HR,2 Months,Unpaid,No,0,15,91.1,Completed
INT0008,Intern_8,26,Male,Undergraduate,Multan,Data Science,6 Months,Paid,No,0,26,94.2,Dropped
INT0009,Intern_9,28,Male,Undergraduate,Quetta,Operations,2 Months,Unpaid,No,0,26,68.1,Dropped
INT0010,Intern_10,25,Male,Undergraduate,Islamabad,Finance,6 Months,Paid,Yes,19,5,69.2,Dropped
INT0011,Intern_11,24,Male,PhD,Lahore,Legal,6 Months,Unpaid,No,0,8,64.7,Completed
INT0012,Intern_12,23,Female,PhD,Islamabad,Finance,6 Months,Paid,Yes,20,33,80.4,Dropped
INT0013,Intern_13,19,Male,PhD,Multan,Finance,3 Months,Unpaid,Yes,3,24,93.9,Dropped
INT0014,Intern_14,26,Male,PhD,Lahore,Engineering,2 Months,Paid,Yes,2,49,76.6,Completed
INT0015,Intern_15,27,Male,Graduate,Faisalabad,Finance,2 Months,Paid,No,0,49,86.5,Completed
INT0016,Intern_16,22,Female,Graduate,Bahawalpur,HR,3 Months,Paid,No,0,15,53.2,Completed
INT0017,Intern_17,20,Male,Undergraduate,Karachi,IT,2 Months,Paid,Yes,1,22,53.5,Completed
INT0018,Intern_18,22,Male,PhD,Islamabad,HR,3 Months,Unpaid,No,0,31,90.4,Completed
INT0019,Intern_19,26,Female,Graduate,Faisalabad,HR,1 Month,Unpaid,Yes,1,44,82.7,Completed
INT0020,Intern_20,22,Female,Undergraduate,Peshawar,Marketing,1 Month,Paid,No,0,35,72.4,Completed
INT0021,Intern_21,27,Female,Undergraduate,Lahore,Design,2 Months,Unpaid,No,0,7,52.5,Dropped
INT0022,Intern_22,26,Male,Undergraduate,Faisalabad,Sales,1 Month,Unpaid,Yes,6,26,95.1,Completed
INT0023,Intern_23,25,Female,Graduate,Bahawalpur,Finance,6 Months,Unpaid,Yes,17,43,85.9,Completed
INT0024,Intern_24,19,Male,Undergraduate,Karachi,Finance,2 Months,Unpaid,No,0,4,79.2,Completed
INT0025,Intern_25,22,Male,Undergraduate,Lahore,Sales,2 Months,Paid,Yes,12,8,97.1,Completed
INT0026,Intern_26,22,Male,Graduate,Multan,Legal,2 Months,Unpaid,Yes,10,16,63.3,Dropped
INT0027,Intern_27,28,Female,Undergraduate,Karachi,Finance,3 Months,Unpaid,No,0,37,99.8,Completed
INT0028,Intern_28,24,Male,Graduate,Lahore,Marketing,2 Months,Paid,No,0,19,57.9,Completed
INT0029,Intern_29,23,Female,PhD,Lahore,Sales,3 Months,Paid,Yes,3,7,87.1,Completed
INT0030,Intern_30,23,Male,PhD,Multan,Finance,3 Months,Paid,No,0,33,74.4,Completed
INT0031,Intern_31,21,Female,Undergraduate,Karachi,IT,1 Month,Unpaid,No,0,41,99.0,Dropped
INT0032,Intern_32,27,Male,Undergraduate,Lahore,Finance,6 Months,Paid,No,0,3,91.7,Completed
INT0033,Intern_33,19,Male,Undergraduate,Quetta,Legal,2 Months,Unpaid,No,0,23,60.5,Completed
INT0034,Intern_34,21,Female,PhD,Islamabad,HR,1 Month,Paid,No,0,12,94.1,Enrolled
INT0035,Intern_35,21,Female,PhD,Peshawar,IT,2 Months,Unpaid,No,0,45,55.4,Enrolled
INT0036,Intern_36,22,Male,Graduate,Multan,IT,6 Months,Unpaid,Yes,7,2,83.0,Completed
INT0037,Intern_37,27,Male,Graduate,Multan,Design,3 Months,Unpaid,No,0,22,97.0,Completed
INT0038,Intern_38,24,Female,Undergraduate,Lahore,Marketing,3 Months,Unpaid,Yes,10,28,80.3,Completed
INT0039,Intern_39,19,Male,Graduate,Karachi,Sales,1 Month,Unpaid,No,0,34,96.3,Dropped
INT0040,Intern_40,20,Female,Undergraduate,Multan,Sales,2 Months,Unpaid,No,0,47,95.0,Completed
INT0041,Intern_41,22,Female,Graduate,Quetta,Sales,3 Months,Paid,No,0,27,83.2,Completed
INT0042,Intern_42,23,Female,PhD,Karachi,Design,2 Months,Unpaid,No,0,14,71.5,Dropped
INT0043,Intern_43,21,Female,Graduate,Peshawar,Legal,3 Months,Unpaid,No,0,43,54.2,Completed
INT0044,Intern_44,22,Male,PhD,Quetta,Sales,3 Months,Paid,Yes,4,2,52.3,Dropped
INT0045,Intern_45,26,Female,PhD,Peshawar,Operations,1 Month,Unpaid,No,0,26,62.2,Completed
INT0046,Intern_46,27,Male,Undergraduate,Bahawalpur,IT,1 Month,Paid,No,0,16,95.9,Dropped
INT0047,Intern_47,28,Female,PhD,Multan,Marketing,6 Months,Unpaid,Yes,16,28,91.5,Completed
INT0048,Intern_48,23,Female,Graduate,Quetta,Sales,6 Months,Paid,Yes,16,32,81.3,Completed
INT0049,Intern_49,24,Female,Undergraduate,Quetta,Engineering,6 Months,Unpaid,Yes,17,6,56.9,Completed
INT0050,Intern_50,24,Male,Undergraduate,Faisalabad,HR,6 Months,Unpaid,Yes,17,30,70.8,Completed
INT0051,Intern_51,19,Male,PhD,Faisalabad,HR,6 Months,Unpaid,No,0,23,64.9,Enrolled
INT0052,Intern_52,26,Female,Undergraduate,Quetta,Design,6 Months,Unpaid,Yes,0,25,66.8,Dropped
INT0053,Intern_53,28,Male,PhD,Karachi,Design,2 Months,Unpaid,No,0,37,83.1,Enrolled
INT0054,Intern_54,25,Female,Undergraduate,Karachi,Marketing,6 Months,Unpaid,Yes,10,14,72.7,Enrolled
INT0055,Intern_55,19,Female,Graduate,Lahore,Data Science,6 Months,Unpaid,No,0,48,77.0,Completed
INT0056,Intern_56,19,Male,Undergraduate,Peshawar,Data Science,2 Months,Paid,Yes,19,10,61.9,Enrolled
INT0057,Intern_57,21,Female,PhD,Quetta,Operations,1 Month,Unpaid,Yes,19,39,98.2,Completed
INT0058,Intern_58,28,Male,PhD,Karachi,Marketing,2 Months,Unpaid,No,0,44,95.4,Completed
INT0059,Intern_59,23,Male,PhD,Peshawar,Design,6 Months,Paid,Yes,19,8,89.8,Completed
INT0060,Intern_60,27,Female,PhD,Multan,Legal,1 Month,Paid,No,0,42,67.1,Completed
INT0061,Intern_61,25,Female,Graduate,Bahawalpur,Design,6 Months,Paid,Yes,5,47,76.1,Completed
INT0062,Intern_62,22,Female,PhD,Quetta,Engineering,6 Months,Unpaid,No,0,6,63.9,Completed
INT0063,Intern_63,24,Female,Graduate,Karachi,Operations,2 Months,Unpaid,No,0,12,74.4,Dropped
INT0064,Intern_64,27,Female,PhD,Quetta,Data Science,3 Months,Paid,No,0,13,54.3,Completed
INT0065,Intern_65,19,Female,PhD,Bahawalpur,Design,6 Months,Unpaid,Yes,2,19,61.1,Completed
INT0066,Intern_66,27,Female,PhD,Multan,HR,3 Months,Unpaid,No,0,22,67.6,Dropped
INT0067,Intern_67,24,Female,Undergraduate,Lahore,Operations,3 Months,Paid,No,0,8,87.1,Completed
INT0068,Intern_68,22,Female,Graduate,Quetta,Finance,2 Months,Paid,Yes,9,15,68.0,Dropped
INT0069,Intern_69,21,Female,Undergraduate,Karachi,Engineering,1 Month,Unpaid,Yes,20,49,74.5,Completed
INT0070,Intern_70,19,Female,Graduate,Multan,IT,3 Months,Paid,No,0,17,97.1,Enrolled
INT0071,Intern_71,21,Female,Graduate,Lahore,Operations,1 Month,Paid,Yes,4,37,97.5,Completed
INT0072,Intern_72,26,Female,PhD,Peshawar,Marketing,2 Months,Unpaid,Yes,14,20,93.0,Completed
INT0073,Intern_73,20,Male,Undergraduate,Peshawar,Design,3 Months,Unpaid,Yes,5,16,58.7,Completed
INT0074,Intern_74,19,Female,Graduate,Bahawalpur,Marketing,2 Months,Unpaid,Yes,7,19,85.3,Dropped
INT0075,Intern_75,20,Female,PhD,Peshawar,Operations,1 Month,Unpaid,Yes,17,15,82.4,Dropped
INT0076,Intern_76,26,Male,Undergraduate,Quetta,Engineering,2 Months,Unpaid,Yes,3,30,84.4,Completed
INT0077,Intern_77,24,Female,Undergraduate,Karachi,Design,3 Months,Unpaid,No,0,39,62.5,Dropped
INT0078,Intern_78,26,Female,PhD,Karachi,Marketing,2 Months,Paid,Yes,16,42,72.1,Completed
INT0079,Intern_79,25,Female,Undergraduate,Bahawalpur,Engineering,2 Months,Unpaid,No,0,22,66.1,Completed
INT0080,Intern_80,25,Female,PhD,Bahawalpur,Marketing,2 Months,Unpaid,No,0,49,77.5,Completed
INT0081,Intern_81,27,Female,Graduate,Lahore,Operations,1 Month,Unpaid,No,0,1,82.9,Dropped
INT0082,Intern_82,26,Male,Undergraduate,Multan,Sales,6 Months,Unpaid,No,0,49,52.6,Dropped
INT0083,Intern_83,19,Female,PhD,Bahawalpur,Engineering,2 Months,Paid,No,0,41,80.4,Completed
INT0084,Intern_84,22,Male,PhD,Faisalabad,HR,2 Months,Paid,No,0,8,73.1,Completed
INT0085,Intern_85,26,Female,PhD,Quetta,Marketing,2 Months,Unpaid,No,0,31,62.2,Completed
INT0086,Intern_86,23,Male,PhD,Islamabad,Sales,2 Months,Paid,No,0,50,89.5,Completed
INT0087,Intern_87,21,Male,Graduate,Quetta,Design,3 Months,Unpaid,No,0,29,76.9,Dropped
INT0088,Intern_88,28,Female,Graduate,Peshawar,Data Science,3 Months,Paid,No,0,25,61.7,Dropped
INT0089,Intern_89,21,Female,PhD,Faisalabad,Design,1 Month,Unpaid,No,0,32,98.2,Enrolled
INT0090,Intern_90,21,Female,Undergraduate,Bahawalpur,Finance,3 Months,Paid,Yes,13,42,98.5,Completed
INT0091,Intern_91,24,Female,PhD,Faisalabad,Marketing,6 Months,Paid,No,0,44,93.0,Completed
INT0092,Intern_92,23,Male,PhD,Lahore,Design,3 Months,Paid,No,0,15,87.3,Dropped
INT0093,Intern_93,19,Female,Undergraduate,Quetta,Design,1 Month,Paid,Yes,10,4,64.7,Dropped
INT0094,Intern_94,21,Male,PhD,Faisalabad,Data Science,6 Months,Paid,Yes,5,6,80.5,Completed
INT0095,Intern_95,26,Male,Undergraduate,Bahawalpur,Design,2 Months,Unpaid,No,0,17,83.3,Dropped
INT0096,Intern_96,25,Male,Graduate,Multan,Operations,3 Months,Unpaid,Yes,8,30,92.3,Completed
INT0097,Intern_97,28,Male,Undergraduate,Faisalabad,HR,6 Months,Unpaid,No,0,19,99.6,Completed
INT0098,Intern_98,23,Female,Undergraduate,Karachi,Engineering,1 Month,Unpaid,No,0,50,89.9,Completed
INT0099,Intern_99,20,Male,PhD,Quetta,Legal,3 Months,Paid,Yes,20,42,52.0,Completed
INT0100,Intern_100,25,Male,Undergraduate,Quetta,Operations,1 Month,Unpaid,No,0,12,60.0,Completed
INT0101,Intern_101,24,Male,Graduate,Bahawalpur,Sales,3 Months,Unpaid,No,0,8,73.4,Completed
INT0102,Intern_102,25,Female,PhD,Multan,Marketing,2 Months,Paid,Yes,0,17,76.8,Dropped
INT0103,Intern_103,22,Female,PhD,Multan,Operations,3 Months,Paid,No,0,31,51.3,Completed
INT0104,Intern_104,25,Male,PhD,Bahawalpur,Sales,3 Months,Unpaid,Yes,3,9,52.3,Completed
INT0105,Intern_105,25,Male,Undergraduate,Peshawar,IT,3 Months,Paid,No,0,30,68.6,Enrolled
INT0106,Intern_106,28,Female,PhD,Lahore,Sales,6 Months,Unpaid,Yes,13,18,51.6,Completed
INT0107,Intern_107,24,Female,Undergraduate,Multan,Data Science,2 Months,Paid,No,0,35,95.1,Completed
INT0108,Intern_108,20,Female,Undergraduate,Lahore,Data Science,1 Month,Unpaid,No,0,43,60.6,Dropped
INT0109,Intern_109,20,Female,Undergraduate,Islamabad,Legal,1 Month,Paid,Yes,17,14,79.3,Completed
INT0110,Intern_110,27,Male,Graduate,Islamabad,HR,3 Months,Paid,Yes,8,12,55.5,Completed
INT0111,Intern_111,21,Female,Undergraduate,Multan,IT,2 Months,Paid,Yes,8,4,56.3,Completed
INT0112,Intern_112,26,Female,Graduate,Multan,Design,1 Month,Paid,Yes,16,15,97.3,Completed
INT0113,Intern_113,25,Male,Undergraduate,Bahawalpur,IT,3 Months,Unpaid,No,0,44,55.4,Enrolled
INT0114,Intern_114,21,Female,PhD,Islamabad,Operations,1 Month,Paid,Yes,8,40,81.7,Dropped
INT0115,Intern_115,20,Female,Graduate,Faisalabad,Sales,3 Months,Paid,No,0,42,82.5,Completed
INT0116,Intern_116,26,Female,Undergraduate,Faisalabad,Sales,2 Months,Unpaid,No,0,26,70.8,Enrolled
INT0117,Intern_117,21,Female,PhD,Quetta,Marketing,3 Months,Unpaid,No,0,44,96.1,Dropped
INT0118,Intern_118,21,Male,Graduate,Lahore,Marketing,1 Month,Unpaid,Yes,17,4,79.3,Completed
INT0119,Intern_119,23,Female,Graduate,Faisalabad,Sales,3 Months,Paid,Yes,19,20,67.6,Dropped
INT0120,Intern_120,27,Female,Undergraduate,Lahore,Legal,2 Months,Unpaid,Yes,11,8,88.1,Completed
INT0121,Intern_121,21,Male,PhD,Quetta,Legal,2 Months,Paid,No,0,18,85.1,Dropped
INT0122,Intern_122,20,Male,Undergraduate,Islamabad,Engineering,3 Months,Unpaid,No,0,10,87.0,Enrolled
INT0123,Intern_123,21,Female,Graduate,Bahawalpur,IT,1 Month,Unpaid,Yes,11,20,86.1,Completed
INT0124,Intern_124,23,Male,Undergraduate,Karachi,Legal,1 Month,Paid,Yes,14,43,71.2,Completed
INT0125,Intern_125,25,Female,Undergraduate,Lahore,Legal,6 Months,Unpaid,No,0,8,64.2,Completed
INT0126,Intern_126,19,Male,Undergraduate,Faisalabad,Legal,6 Months,Paid,No,0,14,65.1,Completed
INT0127,Intern_127,26,Female,Graduate,Lahore,HR,2 Months,Paid,No,0,48,71.5,Dropped
INT0128,Intern_128,25,Female,Undergraduate,Faisalabad,Finance,6 Months,Paid,Yes,0,30,96.1,Completed
INT0129,Intern_129,19,Female,Graduate,Lahore,Data Science,6 Months,Unpaid,No,0,21,58.6,Completed
INT0130,Intern_130,25,Male,Graduate,Lahore,Legal,6 Months,Paid,No,0,38,70.0,Completed
INT0131,Intern_131,20,Female,Undergraduate,Multan,Marketing,6 Months,Paid,No,0,33,81.7,Completed
INT0132,Intern_132,20,Female,PhD,Islamabad,Sales,2 Months,Paid,No,0,10,62.8,Completed
INT0133,Intern_133,28,Male,PhD,Bahawalpur,Finance,2 Months,Unpaid,Yes,18,29,84.1,Completed
INT0134,Intern_134,26,Male,Graduate,Lahore,Legal,3 Months,Unpaid,No,0,41,65.1,Completed
INT0135,Intern_135,19,Male,Graduate,Bahawalpur,Engineering,1 Month,Unpaid,No,0,4,68.4,Enrolled
INT0136,Intern_136,28,Female,Graduate,Karachi,Engineering,1 Month,Unpaid,Yes,20,13,66.1,Completed
INT0137,Intern_137,27,Female,Undergraduate,Multan,Operations,2 Months,Paid,Yes,20,12,52.0,Completed
INT0138,Intern_138,25,Female,Graduate,Quetta,Operations,6 Months,Unpaid,Yes,10,44,79.9,Completed
INT0139,Intern_139,23,Male,PhD,Faisalabad,Data Science,1 Month,Unpaid,No,0,47,92.6,Completed
INT0140,Intern_140,23,Male,PhD,Islamabad,Legal,2 Months,Unpaid,No,0,42,84.9,Enrolled
INT0141,Intern_141,21,Female,PhD,Faisalabad,Design,2 Months,Unpaid,Yes,16,6,82.3,Enrolled
INT0142,Intern_142,24,Female,Graduate,Islamabad,Design,3 Months,Paid,Yes,15,13,61.3,Completed
INT0143,Intern_143,28,Female,Undergraduate,Karachi,Finance,2 Months,Unpaid,Yes,4,39,68.8,Completed
INT0144,Intern_144,22,Female,Undergraduate,Faisalabad,Finance,2 Months,Unpaid,Yes,14,40,64.2,Completed
INT0145,Intern_145,28,Female,Graduate,Peshawar,Operations,2 Months,Unpaid,Yes,14,30,88.5,Completed
INT0146,Intern_146,19,Male,PhD,Islamabad,Design,6 Months,Unpaid,Yes,20,31,93.7,Completed
INT0147,Intern_147,26,Female,Undergraduate,Islamabad,Sales,1 Month,Unpaid,Yes,16,10,91.6,Completed
INT0148,Intern_148,25,Female,Undergraduate,Faisalabad,Marketing,2 Months,Paid,No,0,33,68.7,Completed
INT0149,Intern_149,24,Male,Undergraduate,Multan,Design,1 Month,Paid,No,0,10,56.9,Completed
INT0150,Intern_150,19,Female,Graduate,Karachi,Engineering,6 Months,Paid,Yes,8,14,91.7,Completed
INT0151,Intern_151,19,Female,Undergraduate,Quetta,Sales,6 Months,Paid,Yes,7,27,81.9,Dropped
INT0152,Intern_152,21,Male,Graduate,Karachi,Legal,6 Months,Paid,Yes,9,28,50.1,Completed
INT0153,Intern_153,20,Male,PhD,Lahore,Data Science,2 Months,Unpaid,No,0,34,77.2,Completed
INT0154,Intern_154,23,Female,Undergraduate,Faisalabad,Sales,1 Month,Unpaid,No,0,48,50.8,Dropped
INT0155,Intern_155,19,Male,PhD,Multan,Marketing,3 Months,Paid,Yes,11,35,66.9,Enrolled
INT0156,Intern_156,19,Male,Undergraduate,Lahore,Finance,6 Months,Unpaid,No,0,19,60.1,Completed
INT0157,Intern_157,23,Female,PhD,Faisalabad,HR,1 Month,Unpaid,No,0,3,87.7,Dropped
INT0158,Intern_158,20,Male,PhD,Multan,HR,3 Months,Unpaid,No,0,24,71.8,Dropped
INT0159,Intern_159,24,Female,Undergraduate,Bahawalpur,Design,6 Months,Unpaid,No,0,34,63.3,Completed
INT0160,Intern_160,24,Female,PhD,Islamabad,Marketing,6 Months,Unpaid,Yes,3,6,66.4,Dropped
INT0161,Intern_161,26,Female,Undergraduate,Bahawalpur,Engineering,3 Months,Unpaid,No,0,3,86.3,Completed
INT0162,Intern_162,27,Male,Undergraduate,Faisalabad,Data Science,6 Months,Unpaid,No,0,48,84.0,Completed
INT0163,Intern_163,24,Male,Undergraduate,Lahore,IT,2 Months,Paid,No,0,24,69.1,Dropped
INT0164,Intern_164,20,Female,Graduate,Multan,Legal,1 Month,Unpaid,Yes,18,9,76.5,Completed
INT0165,Intern_165,26,Male,Undergraduate,Karachi,Design,3 Months,Paid,No,0,34,69.3,Completed
INT0166,Intern_166,28,Female,PhD,Bahawalpur,Sales,1 Month,Paid,No,0,19,84.7,Dropped
INT0167,Intern_167,26,Male,Undergraduate,Bahawalpur,Operations,2 Months,Paid,Yes,2,44,98.4,Completed
INT0168,Intern_168,24,Female,Graduate,Islamabad,Data Science,3 Months,Paid,Yes,16,15,56.1,Completed
INT0169,Intern_169,26,Female,Undergraduate,Multan,HR,2 Months,Unpaid,Yes,17,9,80.6,Completed
INT0170,Intern_170,25,Female,PhD,Bahawalpur,Marketing,1 Month,Unpaid,No,0,37,53.7,Dropped
INT0171,Intern_171,27,Female,PhD,Multan,Data Science,1 Month,Paid,No,0,41,79.4,Dropped
INT0172,Intern_172,21,Male,PhD,Islamabad,Finance,6 Months,Unpaid,Yes,5,21,96.7,Completed
INT0173,Intern_173,21,Male,Graduate,Peshawar,HR,3 Months,Unpaid,No,0,41,65.1,Completed
INT0174,Intern_174,19,Male,Undergraduate,Multan,Sales,1 Month,Paid,Yes,2,3,97.4,Completed
INT0175,Intern_175,27,Female,PhD,Karachi,Legal,3 Months,Unpaid,Yes,9,42,97.8,Completed
INT0176,Intern_176,21,Female,Graduate,Lahore,Operations,2 Months,Paid,No,0,29,70.8,Completed
INT0177,Intern_177,25,Male,Graduate,Multan,Operations,2 Months,Unpaid,No,0,9,88.0,Dropped
INT0178,Intern_178,26,Male,Graduate,Lahore,Sales,1 Month,Unpaid,No,0,16,57.0,Completed
INT0179,Intern_179,28,Female,Undergraduate,Islamabad,IT,3 Months,Unpaid,No,0,47,65.6,Enrolled
INT0180,Intern_180,20,Female,Graduate,Bahawalpur,Finance,6 Months,Paid,No,0,26,75.3,Completed
INT0181,Intern_181,28,Male,Undergraduate,Quetta,HR,2 Months,Unpaid,No,0,42,83.6,Completed
INT0182,Intern_182,25,Female,Undergraduate,Quetta,Engineering,1 Month,Unpaid,Yes,11,3,70.0,Completed
INT0183,Intern_183,27,Female,Undergraduate,Faisalabad,Legal,2 Months,Unpaid,No,0,18,91.3,Enrolled
INT0184,Intern_184,27,Male,Graduate,Multan,Legal,1 Month,Unpaid,Yes,11,49,57.2,Dropped
INT0185,Intern_185,26,Male,Undergraduate,Islamabad,Legal,6 Months,Unpaid,Yes,16,30,57.4,Completed
INT0186,Intern_186,28,Female,Undergraduate,Faisalabad,Sales,2 Months,Unpaid,No,0,22,75.4,Dropped
INT0187,Intern_187,20,Female,Undergraduate,Multan,Sales,6 Months,Unpaid,No,0,27,79.2,Dropped
INT0188,Intern_188,21,Male,PhD,Karachi,IT,6 Months,Unpaid,No,0,34,81.5,Completed
INT0189,Intern_189,19,Male,Undergraduate,Lahore,Legal,6 Months,Paid,Yes,14,21,70.9,Completed
INT0190,Intern_190,27,Female,PhD,Karachi,Design,2 Months,Paid,No,0,14,78.0,Completed
INT0191,Intern_191,23,Male,Graduate,Multan,Operations,6 Months,Unpaid,No,0,40,74.2,Completed
INT0192,Intern_192,26,Male,Graduate,Quetta,HR,3 Months,Paid,No,0,21,74.0,Enrolled
INT0193,Intern_193,24,Male,PhD,Faisalabad,Sales,3 Months,Unpaid,No,0,50,90.2,Dropped
INT0194,Intern_194,26,Male,Graduate,Bahawalpur,Engineering,1 Month,Unpaid,No,0,14,60.1,Dropped
INT0195,Intern_195,19,Male,Undergraduate,Peshawar,Sales,3 Months,Paid,No,0,43,95.3,Completed
INT0196,Intern_196,20,Male,Graduate,Multan,HR,2 Months,Unpaid,Yes,4,1,98.2,Completed
INT0197,Intern_197,24,Female,PhD,Peshawar,Finance,6 Months,Unpaid,No,0,19,82.3,Dropped
INT0198,Intern_198,25,Male,Graduate,Islamabad,Marketing,2 Months,Paid,Yes,15,12,96.8,Dropped
INT0199,Intern_199,23,Female,PhD,Lahore,Engineering,1 Month,Unpaid,Yes,14,42,77.2,Enrolled
INT0200,Intern_200,21,Female,Undergraduate,Lahore,Operations,2 Months,Unpaid,No,0,47,72.9,Dropped
INT0201,Intern_201,28,Female,Graduate,Peshawar,Engineering,2 Months,Paid,Yes,20,26,91.3,Completed
INT0202,Intern_202,21,Female,PhD,Lahore,Sales,3 Months,Paid,Yes,15,21,96.8,Completed
INT0203,Intern_203,23,Male,Graduate,Quetta,IT,3 Months,Unpaid,No,0,38,86.1,Completed
INT0204,Intern_204,23,Male,Undergraduate,Lahore,IT,3 Months,Unpaid,No,0,11,70.3,Enrolled
INT0205,Intern_205,21,Female,Graduate,Peshawar,Sales,3 Months,Paid,Yes,15,10,72.7,Completed
INT0206,Intern_206,28,Female,PhD,Peshawar,Legal,3 Months,Paid,No,0,6,76.3,Completed
INT0207,Intern_207,21,Male,Undergraduate,Peshawar,Sales,3 Months,Paid,Yes,10,34,72.1,Completed
INT0208,Intern_208,27,Female,Undergraduate,Bahawalpur,HR,6 Months,Paid,Yes,13,30,78.2,Completed
INT0209,Intern_209,22,Male,Graduate,Quetta,Sales,6 Months,Paid,No,0,38,53.7,Completed
INT0210,Intern_210,23,Male,Undergraduate,Bahawalpur,Design,3 Months,Paid,Yes,13,12,88.4,Completed
INT0211,Intern_211,27,Female,Graduate,Faisalabad,Design,3 Months,Paid,No,0,9,82.7,Completed
INT0212,Intern_212,19,Female,PhD,Islamabad,Data Science,1 Month,Paid,Yes,0,20,73.2,Dropped
INT0213,Intern_213,21,Male,Undergraduate,Bahawalpur,Sales,6 Months,Unpaid,No,0,18,59.4,Dropped
INT0214,Intern_214,20,Male,Undergraduate,Peshawar,Marketing,1 Month,Paid,No,0,39,51.7,Completed
INT0215,Intern_215,27,Male,Graduate,Bahawalpur,Legal,1 Month,Paid,Yes,6,49,93.2,Completed
INT0216,Intern_216,22,Male,PhD,Multan,IT,2 Months,Unpaid,No,0,20,93.8,Completed
INT0217,Intern_217,25,Female,Graduate,Karachi,Sales,2 Months,Paid,No,0,36,74.8,Completed
INT0218,Intern_218,25,Female,Graduate,Islamabad,Data Science,6 Months,Unpaid,No,0,12,87.7,Dropped
INT0219,Intern_219,19,Female,PhD,Islamabad,Operations,2 Months,Unpaid,Yes,17,27,98.4,Completed
INT0220,Intern_220,20,Male,Graduate,Peshawar,Sales,2 Months,Unpaid,No,0,29,92.4,Dropped
INT0221,Intern_221,22,Female,Graduate,Karachi,Marketing,2 Months,Paid,Yes,18,47,83.6,Completed
INT0222,Intern_222,22,Female,Graduate,Karachi,HR,6 Months,Paid,Yes,3,48,100.0,Completed
INT0223,Intern_223,25,Female,Undergraduate,Multan,Operations,2 Months,Unpaid,Yes,14,35,82.4,Completed
INT0224,Intern_224,24,Female,Graduate,Lahore,Engineering,3 Months,Unpaid,No,0,14,68.5,Completed
INT0225,Intern_225,23,Male,Undergraduate,Quetta,Design,1 Month,Unpaid,Yes,4,13,66.5,Completed
INT0226,Intern_226,26,Female,Graduate,Bahawalpur,Design,2 Months,Unpaid,No,0,11,86.6,Completed
INT0227,Intern_227,20,Female,Undergraduate,Karachi,Data Science,2 Months,Paid,Yes,1,49,50.3,Enrolled
INT0228,Intern_228,24,Male,Undergraduate,Peshawar,Finance,2 Months,Unpaid,Yes,1,40,81.9,Completed
INT0229,Intern_229,19,Male,Undergraduate,Faisalabad,Legal,6 Months,Paid,No,0,34,86.1,Dropped
INT0230,Intern_230,27,Female,Undergraduate,Lahore,Sales,3 Months,Paid,Yes,4,16,59.6,Completed
INT0231,Intern_231,25,Female,Graduate,Lahore,Sales,3 Months,Unpaid,No,0,30,78.3,Dropped
INT0232,Intern_232,25,Male,Undergraduate,Faisalabad,HR,3 Months,Unpaid,Yes,17,31,52.8,Completed
INT0233,Intern_233,27,Female,Graduate,Multan,IT,2 Months,Paid,Yes,1,15,60.6,Completed
INT0234,Intern_234,21,Male,Undergraduate,Quetta,Legal,6 Months,Paid,No,0,21,50.8,Completed
INT0235,Intern_235,28,Male,Graduate,Islamabad,HR,2 Months,Paid,No,0,25,83.9,Completed
INT0236,Intern_236,19,Male,PhD,Lahore,Sales,3 Months,Unpaid,No,0,7,71.9,Dropped
INT0237,Intern_237,26,Female,Undergraduate,Quetta,Marketing,3 Months,Unpaid,No,0,15,67.8,Completed
INT0238,Intern_238,20,Female,Undergraduate,Quetta,Design,6 Months,Paid,Yes,2,18,57.7,Completed
INT0239,Intern_239,23,Female,Undergraduate,Lahore,Finance,6 Months,Paid,No,0,29,68.0,Dropped
INT0240,Intern_240,27,Male,Undergraduate,Faisalabad,Engineering,1 Month,Unpaid,Yes,17,33,70.4,Completed
INT0241,Intern_241,19,Male,PhD,Multan,IT,1 Month,Unpaid,No,0,19,70.7,Enrolled
INT0242,Intern_242,23,Female,Undergraduate,Islamabad,Marketing,2 Months,Unpaid,Yes,8,32,57.3,Enrolled
INT0243,Intern_243,24,Female,Graduate,Bahawalpur,Finance,6 Months,Paid,No,0,17,97.2,Dropped
INT0244,Intern_244,25,Male,Undergraduate,Quetta,Operations,2 Months,Paid,No,0,22,92.1,Completed
INT0245,Intern_245,24,Female,Graduate,Islamabad,Design,3 Months,Unpaid,No,0,39,97.4,Completed
INT0246,Intern_246,26,Male,Graduate,Multan,HR,6 Months,Unpaid,No,0,37,89.1,Dropped
INT0247,Intern_247,28,Female,Graduate,Lahore,Data Science,6 Months,Paid,No,0,35,59.0,Completed
INT0248,Intern_248,25,Male,Graduate,Quetta,Sales,1 Month,Paid,No,0,44,75.0,Enrolled
INT0249,Intern_249,20,Male,PhD,Faisalabad,Engineering,2 Months,Unpaid,No,0,29,99.5,Enrolled
INT0250,Intern_250,22,Male,Graduate,Lahore,Operations,6 Months,Paid,No,0,43,83.2,Dropped
INT0251,Intern_251,20,Female,Graduate,Lahore,Finance,1 Month,Paid,No,0,17,61.1,Completed
INT0252,Intern_252,24,Female,Graduate,Bahawalpur,Sales,2 Months,Paid,No,0,2,74.1,Completed
INT0253,Intern_253,23,Male,PhD,Islamabad,Engineering,6 Months,Unpaid,Yes,10,30,89.2,Dropped
INT0254,Intern_254,24,Female,Undergraduate,Bahawalpur,Sales,6 Months,Unpaid,No,0,5,65.0,Completed
INT0255,Intern_255,27,Male,PhD,Islamabad,Marketing,1 Month,Paid,No,0,12,77.6,Completed
INT0256,Intern_256,25,Male,Graduate,Islamabad,Data Science,6 Months,Paid,No,0,26,51.5,Completed
INT0257,Intern_257,22,Female,Graduate,Karachi,Legal,2 Months,Paid,No,0,18,87.6,Enrolled
INT0258,Intern_258,20,Female,Graduate,Peshawar,Marketing,1 Month,Unpaid,Yes,8,43,93.1,Completed
INT0259,Intern_259,24,Female,PhD,Lahore,Sales,3 Months,Unpaid,No,0,30,80.9,Completed
INT0260,Intern_260,20,Female,Undergraduate,Peshawar,Engineering,1 Month,Unpaid,Yes,5,24,84.7,Completed
INT0261,Intern_261,21,Male,PhD,Faisalabad,Sales,6 Months,Unpaid,No,0,32,81.8,Completed
INT0262,Intern_262,26,Female,Undergraduate,Islamabad,Finance,2 Months,Unpaid,No,0,40,52.7,Enrolled
INT0263,Intern_263,25,Male,Undergraduate,Faisalabad,Data Science,1 Month,Unpaid,No,0,44,74.6,Completed
INT0264,Intern_264,23,Male,PhD,Karachi,Operations,6 Months,Paid,Yes,1,18,61.2,Completed
INT0265,Intern_265,23,Female,PhD,Lahore,Engineering,2 Months,Paid,No,0,50,77.2,Enrolled
INT0266,Intern_266,23,Male,Graduate,Lahore,Data Science,1 Month,Paid,No,0,3,72.5,Dropped
INT0267,Intern_267,28,Male,Undergraduate,Peshawar,Data Science,1 Month,Unpaid,No,0,41,71.4,Dropped
INT0268,Intern_268,28,Male,Undergraduate,Multan,Legal,2 Months,Unpaid,Yes,17,11,66.2,Dropped
INT0269,Intern_269,23,Male,Undergraduate,Faisalabad,Engineering,3 Months,Paid,No,0,42,56.3,Completed
INT0270,Intern_270,21,Female,Undergraduate,Faisalabad,Finance,2 Months,Unpaid,Yes,18,41,63.4,Completed
INT0271,Intern_271,27,Male,PhD,Lahore,Design,6 Months,Unpaid,No,0,48,63.9,Dropped
INT0272,Intern_272,26,Female,PhD,Karachi,Data Science,6 Months,Paid,No,0,41,83.2,Dropped
INT0273,Intern_273,23,Male,Graduate,Peshawar,Data Science,1 Month,Unpaid,No,0,21,91.4,Dropped
INT0274,Intern_274,20,Female,PhD,Karachi,Data Science,2 Months,Paid,No,0,41,89.2,Enrolled
INT0275,Intern_275,25,Male,Graduate,Bahawalpur,Operations,1 Month,Paid,Yes,6,45,95.5,Completed
INT0276,Intern_276,20,Male,PhD,Multan,Engineering,2 Months,Unpaid,No,0,24,83.2,Completed
INT0277,Intern_277,20,Female,PhD,Peshawar,Finance,1 Month,Unpaid,No,0,46,54.8,Dropped
INT0278,Intern_278,19,Male,PhD,Peshawar,HR,6 Months,Unpaid,Yes,0,45,67.2,Completed
INT0279,Intern_279,20,Female,Undergraduate,Peshawar,Marketing,6 Months,Unpaid,Yes,3,7,65.7,Dropped
INT0280,Intern_280,27,Male,PhD,Islamabad,Engineering,2 Months,Paid,No,0,37,50.4,Dropped
INT0281,Intern_281,28,Male,PhD,Islamabad,Finance,6 Months,Unpaid,No,0,44,72.1,Enrolled
INT0282,Intern_282,25,Male,Undergraduate,Faisalabad,HR,1 Month,Unpaid,Yes,10,9,62.4,Completed
INT0283,Intern_283,27,Male,PhD,Quetta,Marketing,2 Months,Paid,No,0,39,75.5,Completed
INT0284,Intern_284,22,Male,Graduate,Faisalabad,Design,3 Months,Paid,Yes,15,41,79.7,Completed
INT0285,Intern_285,24,Female,Undergraduate,Faisalabad,Sales,1 Month,Unpaid,No,0,35,84.1,Dropped
INT0286,Intern_286,19,Male,Undergraduate,Quetta,Operations,1 Month,Paid,Yes,1,26,75.3,Completed
INT0287,Intern_287,20,Female,Undergraduate,Islamabad,Sales,6 Months,Unpaid,No,0,20,54.0,Completed
INT0288,Intern_288,25,Female,PhD,Lahore,HR,2 Months,Unpaid,No,0,47,97.7,Completed
INT0289,Intern_289,28,Male,Graduate,Lahore,HR,1 Month,Unpaid,Yes,19,4,65.5,Completed
INT0290,Intern_290,26,Male,PhD,Karachi,Finance,1 Month,Paid,Yes,11,34,75.9,Completed
INT0291,Intern_291,19,Male,PhD,Quetta,Engineering,2 Months,Paid,No,0,22,90.4,Completed
INT0292,Intern_292,19,Male,Graduate,Bahawalpur,Engineering,1 Month,Unpaid,No,0,32,93.0,Completed
INT0293,Intern_293,27,Female,Undergraduate,Lahore,Finance,3 Months,Paid,Yes,0,3,92.9,Completed
INT0294,Intern_294,21,Female,Graduate,Faisalabad,IT,2 Months,Paid,Yes,1,36,90.2,Completed
INT0295,Intern_295,20,Male,Graduate,Multan,Design,2 Months,Unpaid,No,0,37,68.6,Completed
INT0296,Intern_296,20,Male,PhD,Karachi,Sales,1 Month,Unpaid,Yes,14,19,88.7,Completed
INT0297,Intern_297,23,Female,Undergraduate,Multan,Engineering,3 Months,Paid,Yes,18,20,87.0,Completed
INT0298,Intern_298,19,Female,Undergraduate,Peshawar,HR,6 Months,Paid,No,0,27,51.2,Completed
INT0299,Intern_299,20,Female,Undergraduate,Faisalabad,Sales,3 Months,Unpaid,Yes,6,34,99.2,Completed
INT0300,Intern_300,19,Male,PhD,Quetta,Design,6 Months,Paid,Yes,7,34,70.7,Completed
INT0301,Intern_301,20,Male,PhD,Islamabad,Data Science,6 Months,Unpaid,Yes,18,37,53.1,Completed
INT0302,Intern_302,24,Female,Graduate,Faisalabad,Finance,2 Months,Unpaid,No,0,29,63.6,Dropped
INT0303,Intern_303,26,Male,Undergraduate,Lahore,Marketing,2 Months,Paid,Yes,14,21,70.3,Completed
INT0304,Intern_304,20,Female,Graduate,Bahawalpur,Sales,3 Months,Unpaid,Yes,2,11,90.4,Completed
INT0305,Intern_305,24,Female,Undergraduate,Lahore,Engineering,1 Month,Paid,Yes,12,33,52.4,Dropped
INT0306,Intern_306,20,Male,Graduate,Bahawalpur,Engineering,3 Months,Paid,Yes,14,7,90.2,Enrolled
INT0307,Intern_307,25,Male,Undergraduate,Islamabad,Finance,1 Month,Paid,Yes,11,44,81.5,Completed
INT0308,Intern_308,21,Male,Undergraduate,Peshawar,Marketing,3 Months,Unpaid,Yes,2,22,56.1,Completed
INT0309,Intern_309,19,Female,PhD,Faisalabad,Operations,1 Month,Unpaid,Yes,12,44,71.3,Dropped
INT0310,Intern_310,19,Female,Graduate,Bahawalpur,Data Science,2 Months,Paid,Yes,19,40,80.8,Completed
INT0311,Intern_311,25,Female,Undergraduate,Lahore,Engineering,6 Months,Unpaid,No,0,9,71.0,Completed
INT0312,Intern_312,27,Female,PhD,Multan,Sales,2 Months,Unpaid,Yes,15,23,95.6,Completed
INT0313,Intern_313,28,Female,Undergraduate,Karachi,Sales,3 Months,Unpaid,No,0,15,51.5,Completed
INT0314,Intern_314,20,Female,PhD,Peshawar,Engineering,1 Month,Paid,No,0,16,82.8,Enrolled
INT0315,Intern_315,22,Female,Graduate,Islamabad,Engineering,1 Month,Paid,Yes,18,21,90.3,Dropped
INT0316,Intern_316,27,Male,PhD,Peshawar,Data Science,1 Month,Unpaid,No,0,20,58.8,Dropped
INT0317,Intern_317,27,Male,PhD,Peshawar,IT,1 Month,Paid,Yes,15,1,66.6,Completed
INT0318,Intern_318,19,Female,PhD,Islamabad,Legal,2 Months,Unpaid,Yes,0,10,79.3,Completed
INT0319,Intern_319,24,Male,Graduate,Faisalabad,Finance,1 Month,Paid,No,0,20,66.1,Completed
INT0320,Intern_320,28,Female,Undergraduate,Multan,Finance,6 Months,Paid,No,0,12,68.9,Completed
INT0321,Intern_321,21,Male,PhD,Faisalabad,Engineering,2 Months,Paid,Yes,19,21,96.1,Completed
INT0322,Intern_322,22,Female,Undergraduate,Multan,Legal,2 Months,Paid,Yes,11,21,58.4,Dropped
INT0323,Intern_323,20,Male,Graduate,Peshawar,Marketing,3 Months,Paid,No,0,23,62.8,Dropped
INT0324,Intern_324,25,Female,Graduate,Faisalabad,Marketing,1 Month,Paid,Yes,15,25,67.6,Completed
INT0325,Intern_325,19,Male,Undergraduate,Bahawalpur,Design,1 Month,Paid,No,0,19,51.0,Enrolled
INT0326,Intern_326,20,Female,Undergraduate,Faisalabad,Engineering,1 Month,Paid,Yes,17,6,66.9,Dropped
INT0327,Intern_327,21,Female,PhD,Islamabad,Legal,6 Months,Unpaid,Yes,1,7,66.6,Completed
INT0328,Intern_328,19,Female,Graduate,Peshawar,HR,6 Months,Paid,No,0,26,78.6,Completed
INT0329,Intern_329,23,Female,Undergraduate,Faisalabad,Operations,2 Months,Paid,Yes,20,39,74.0,Completed
INT0330,Intern_330,26,Male,PhD,Quetta,Marketing,1 Month,Paid,Yes,3,20,89.2,Completed
INT0331,Intern_331,24,Male,PhD,Faisalabad,Operations,6 Months,Paid,No,0,25,68.5,Completed
INT0332,Intern_332,23,Female,Graduate,Quetta,Operations,1 Month,Paid,No,0,37,53.1,Dropped
INT0333,Intern_333,25,Female,PhD,Peshawar,Marketing,1 Month,Paid,No,0,34,70.9,Completed
INT0334,Intern_334,19,Female,Graduate,Lahore,Sales,6 Months,Unpaid,Yes,16,37,95.0,Completed
INT0335,Intern_335,22,Female,Undergraduate,Islamabad,Legal,2 Months,Paid,Yes,4,3,71.2,Completed
INT0336,Intern_336,25,Female,Graduate,Lahore,Design,2 Months,Paid,Yes,17,26,77.6,Completed
INT0337,Intern_337,21,Female,Undergraduate,Faisalabad,Engineering,6 Months,Paid,Yes,18,38,79.1,Dropped
INT0338,Intern_338,23,Female,PhD,Multan,Marketing,1 Month,Unpaid,Yes,12,42,74.3,Dropped
INT0339,Intern_339,28,Male,Graduate,Faisalabad,Legal,6 Months,Paid,Yes,19,44,84.7,Completed
INT0340,Intern_340,24,Male,Undergraduate,Bahawalpur,IT,6 Months,Unpaid,No,0,2,66.9,Completed
INT0341,Intern_341,21,Female,PhD,Lahore,Engineering,3 Months,Paid,No,0,20,98.7,Completed
INT0342,Intern_342,26,Female,PhD,Lahore,Operations,3 Months,Paid,No,0,14,95.7,Completed
INT0343,Intern_343,23,Male,PhD,Islamabad,Design,6 Months,Paid,No,0,46,75.3,Completed
INT0344,Intern_344,19,Male,Undergraduate,Karachi,Finance,1 Month,Paid,Yes,14,4,95.9,Completed
INT0345,Intern_345,19,Female,PhD,Faisalabad,HR,3 Months,Paid,No,0,16,68.6,Completed
INT0346,Intern_346,21,Female,PhD,Multan,Legal,6 Months,Unpaid,Yes,8,48,91.5,Completed
INT0347,Intern_347,22,Female,Undergraduate,Islamabad,Marketing,3 Months,Paid,Yes,20,15,83.9,Completed
INT0348,Intern_348,28,Male,Graduate,Islamabad,Engineering,6 Months,Paid,Yes,0,15,62.6,Completed
INT0349,Intern_349,22,Female,Graduate,Bahawalpur,Engineering,3 Months,Unpaid,No,0,30,65.1,Completed
INT0350,Intern_350,23,Male,PhD,Multan,Sales,6 Months,Unpaid,Yes,3,31,53.2,Completed
INT0351,Intern_351,21,Female,PhD,Quetta,Engineering,3 Months,Paid,No,0,34,88.3,Completed
INT0352,Intern_352,23,Male,PhD,Karachi,IT,6 Months,Unpaid,No,0,17,95.3,Dropped
INT0353,Intern_353,24,Male,Graduate,Peshawar,Design,6 Months,Unpaid,Yes,16,20,92.3,Completed
INT0354,Intern_354,27,Male,Graduate,Islamabad,Sales,2 Months,Unpaid,No,0,49,95.6,Completed
INT0355,Intern_355,24,Female,Undergraduate,Quetta,Data Science,1 Month,Unpaid,Yes,11,17,79.3,Completed
INT0356,Intern_356,22,Male,PhD,Lahore,Operations,1 Month,Unpaid,No,0,33,56.0,Dropped
INT0357,Intern_357,24,Male,Undergraduate,Islamabad,Design,3 Months,Paid,No,0,27,99.4,Completed
INT0358,Intern_358,21,Male,Undergraduate,Bahawalpur,Operations,2 Months,Unpaid,No,0,21,81.7,Dropped
INT0359,Intern_359,20,Male,Undergraduate,Islamabad,IT,6 Months,Unpaid,No,0,9,80.7,Enrolled
INT0360,Intern_360,27,Female,Graduate,Karachi,Design,6 Months,Paid,No,0,13,86.5,Completed
INT0361,Intern_361,22,Male,PhD,Karachi,IT,3 Months,Paid,Yes,11,20,56.4,Completed
INT0362,Intern_362,26,Male,Undergraduate,Quetta,Design,3 Months,Unpaid,Yes,16,39,76.2,Completed
INT0363,Intern_363,25,Female,Graduate,Peshawar,Design,2 Months,Paid,No,0,2,61.4,Completed
INT0364,Intern_364,25,Male,Undergraduate,Multan,Finance,2 Months,Paid,Yes,20,17,88.6,Completed
INT0365,Intern_365,20,Male,PhD,Karachi,Legal,1 Month,Paid,Yes,13,29,69.0,Enrolled
INT0366,Intern_366,25,Male,Undergraduate,Karachi,Sales,3 Months,Unpaid,No,0,43,55.0,Completed
INT0367,Intern_367,20,Female,Undergraduate,Lahore,Sales,3 Months,Unpaid,Yes,3,32,59.9,Enrolled
INT0368,Intern_368,21,Female,PhD,Faisalabad,HR,3 Months,Unpaid,Yes,1,36,74.8,Dropped
INT0369,Intern_369,20,Male,Undergraduate,Karachi,HR,6 Months,Paid,No,0,37,83.5,Completed
INT0370,Intern_370,23,Male,Graduate,Peshawar,Finance,1 Month,Unpaid,Yes,8,30,52.5,Completed
INT0371,Intern_371,20,Female,PhD,Multan,Finance,1 Month,Unpaid,No,0,7,92.6,Completed
INT0372,Intern_372,28,Male,Graduate,Multan,IT,1 Month,Unpaid,Yes,8,47,54.6,Completed
INT0373,Intern_373,25,Female,Graduate,Bahawalpur,Data Science,2 Months,Unpaid,Yes,15,27,82.4,Completed
INT0374,Intern_374,28,Male,Undergraduate,Lahore,Finance,1 Month,Unpaid,Yes,15,37,83.9,Completed
INT0375,Intern_375,26,Male,PhD,Islamabad,Finance,6 Months,Unpaid,No,0,8,94.4,Completed
INT0376,Intern_376,27,Female,PhD,Multan,Operations,1 Month,Paid,Yes,18,47,78.3,Completed
INT0377,Intern_377,21,Male,Graduate,Multan,Data Science,1 Month,Unpaid,No,0,36,94.6,Dropped
INT0378,Intern_378,21,Male,PhD,Bahawalpur,Legal,1 Month,Unpaid,Yes,2,49,74.6,Completed
INT0379,Intern_379,25,Male,PhD,Peshawar,HR,3 Months,Unpaid,No,0,16,53.9,Dropped
INT0380,Intern_380,26,Female,Graduate,Multan,Operations,6 Months,Paid,Yes,20,2,55.1,Completed
INT0381,Intern_381,26,Male,PhD,Quetta,Design,1 Month,Paid,Yes,10,24,91.3,Completed
INT0382,Intern_382,20,Female,PhD,Multan,HR,6 Months,Unpaid,No,0,7,88.0,Dropped
INT0383,Intern_383,20,Female,PhD,Quetta,HR,1 Month,Unpaid,No,0,3,94.8,Dropped
INT0384,Intern_384,20,Male,Graduate,Peshawar,Operations,2 Months,Paid,No,0,26,60.8,Enrolled
INT0385,Intern_385,26,Female,Undergraduate,Lahore,HR,3 Months,Unpaid,Yes,18,33,56.7,Dropped
INT0386,Intern_386,28,Female,PhD,Bahawalpur,Operations,1 Month,Paid,Yes,5,47,90.8,Dropped
INT0387,Intern_387,25,Female,Graduate,Peshawar,Marketing,6 Months,Unpaid,No,0,22,98.5,Completed
INT0388,Intern_388,27,Female,PhD,Quetta,Operations,2 Months,Unpaid,Yes,20,14,60.0,Completed
INT0389,Intern_389,20,Male,PhD,Islamabad,Legal,3 Months,Unpaid,No,0,49,67.6,Dropped
INT0390,Intern_390,25,Female,Undergraduate,Lahore,Operations,6 Months,Paid,No,0,10,52.7,Dropped
INT0391,Intern_391,19,Male,Graduate,Quetta,IT,2 Months,Paid,No,0,45,89.2,Enrolled
INT0392,Intern_392,22,Female,Undergraduate,Peshawar,HR,1 Month,Unpaid,No,0,33,89.2,Completed
INT0393,Intern_393,19,Female,Graduate,Multan,Engineering,1 Month,Paid,No,0,48,62.6,Completed
INT0394,Intern_394,23,Female,PhD,Peshawar,Legal,6 Months,Paid,Yes,14,12,99.2,Completed
INT0395,Intern_395,23,Male,Graduate,Karachi,Marketing,2 Months,Unpaid,Yes,17,17,56.5,Completed
INT0396,Intern_396,21,Female,Graduate,Islamabad,Legal,3 Months,Paid,Yes,10,39,52.5,Dropped
INT0397,Intern_397,21,Female,Undergraduate,Multan,Legal,3 Months,Paid,No,0,34,53.4,Dropped
INT0398,Intern_398,22,Female,Undergraduate,Multan,Sales,2 Months,Paid,No,0,43,66.6,Completed
INT0399,Intern_399,24,Female,PhD,Karachi,Data Science,3 Months,Paid,Yes,14,16,95.2,Completed
INT0400,Intern_400,23,Female,Graduate,Lahore,Legal,2 Months,Unpaid,Yes,17,47,64.1,Dropped
INT0401,Intern_401,24,Female,Undergraduate,Quetta,Sales,3 Months,Paid,No,0,33,54.1,Completed
INT0402,Intern_402,20,Male,Undergraduate,Peshawar,Marketing,2 Months,Unpaid,Yes,6,35,91.4,Dropped
INT0403,Intern_403,20,Male,Graduate,Multan,Design,1 Month,Paid,Yes,2,4,58.9,Completed
INT0404,Intern_404,25,Female,Graduate,Faisalabad,Engineering,1 Month,Unpaid,Yes,13,21,50.8,Dropped
INT0405,Intern_405,27,Male,PhD,Lahore,Marketing,1 Month,Unpaid,Yes,3,19,89.3,Completed
INT0406,Intern_406,26,Female,Graduate,Faisalabad,Engineering,1 Month,Paid,No,0,11,76.7,Enrolled
INT0407,Intern_407,27,Male,Graduate,Multan,Finance,6 Months,Paid,No,0,36,57.1,Completed
INT0408,Intern_408,22,Male,Graduate,Peshawar,IT,1 Month,Unpaid,No,0,27,95.3,Completed
INT0409,Intern_409,20,Male,Undergraduate,Quetta,Sales,2 Months,Paid,Yes,5,43,90.0,Dropped
INT0410,Intern_410,20,Female,PhD,Lahore,IT,6 Months,Unpaid,Yes,6,47,79.0,Completed
INT0411,Intern_411,22,Male,Undergraduate,Quetta,Data Science,3 Months,Paid,Yes,10,32,72.5,Completed
INT0412,Intern_412,19,Female,Graduate,Faisalabad,Legal,3 Months,Paid,Yes,10,16,89.3,Dropped
INT0413,Intern_413,26,Male,PhD,Multan,Design,3 Months,Unpaid,No,0,29,67.9,Enrolled
INT0414,Intern_414,21,Male,PhD,Lahore,Engineering,6 Months,Unpaid,Yes,17,13,63.2,Completed
INT0415,Intern_415,19,Male,PhD,Faisalabad,Marketing,1 Month,Paid,Yes,17,17,77.2,Dropped
INT0416,Intern_416,21,Female,Graduate,Peshawar,Sales,6 Months,Unpaid,Yes,14,33,75.5,Completed
INT0417,Intern_417,26,Male,PhD,Islamabad,Design,3 Months,Paid,Yes,5,12,78.3,Completed
INT0418,Intern_418,22,Female,Undergraduate,Peshawar,Legal,2 Months,Unpaid,No,0,5,63.2,Completed
INT0419,Intern_419,19,Female,Graduate,Bahawalpur,HR,1 Month,Unpaid,Yes,1,42,66.2,Dropped
INT0420,Intern_420,28,Male,Graduate,Faisalabad,Sales,3 Months,Unpaid,No,0,42,94.9,Completed
INT0421,Intern_421,24,Male,PhD,Faisalabad,Marketing,3 Months,Unpaid,No,0,32,89.6,Dropped
INT0422,Intern_422,27,Female,Undergraduate,Peshawar,Legal,1 Month,Paid,Yes,20,18,60.6,Dropped
INT0423,Intern_423,24,Male,PhD,Peshawar,Finance,2 Months,Unpaid,No,0,47,55.7,Completed
INT0424,Intern_424,22,Male,PhD,Faisalabad,Operations,6 Months,Paid,Yes,1,9,78.7,Completed
INT0425,Intern_425,21,Male,Undergraduate,Islamabad,Finance,2 Months,Unpaid,Yes,16,26,80.0,Completed
INT0426,Intern_426,26,Male,Undergraduate,Bahawalpur,Legal,1 Month,Unpaid,No,0,11,61.0,Dropped
INT0427,Intern_427,28,Female,Undergraduate,Multan,Design,2 Months,Unpaid,Yes,18,5,61.5,Completed
INT0428,Intern_428,28,Male,Undergraduate,Faisalabad,Design,2 Months,Paid,Yes,3,12,73.8,Dropped
INT0429,Intern_429,25,Male,Graduate,Islamabad,Legal,1 Month,Paid,Yes,16,27,68.5,Completed
INT0430,Intern_430,25,Female,Graduate,Multan,IT,6 Months,Paid,Yes,4,17,73.9,Completed
INT0431,Intern_431,19,Female,Graduate,Peshawar,HR,1 Month,Paid,No,0,37,76.1,Completed
INT0432,Intern_432,24,Male,PhD,Multan,Sales,1 Month,Unpaid,No,0,7,57.7,Dropped
INT0433,Intern_433,25,Female,PhD,Multan,Legal,3 Months,Unpaid,No,0,49,60.2,Dropped
INT0434,Intern_434,23,Female,PhD,Bahawalpur,Sales,6 Months,Unpaid,Yes,18,23,88.7,Completed
INT0435,Intern_435,22,Male,Graduate,Islamabad,Design,2 Months,Paid,Yes,16,26,89.3,Completed
INT0436,Intern_436,21,Female,PhD,Karachi,Sales,1 Month,Paid,Yes,15,39,71.8,Dropped
INT0437,Intern_437,25,Female,Undergraduate,Karachi,Marketing,3 Months,Unpaid,Yes,19,42,76.1,Completed
INT0438,Intern_438,27,Female,Graduate,Karachi,Legal,1 Month,Paid,Yes,9,13,51.7,Dropped
INT0439,Intern_439,21,Male,Graduate,Peshawar,Legal,2 Months,Paid,Yes,2,18,89.0,Completed
INT0440,Intern_440,20,Male,PhD,Karachi,Data Science,6 Months,Paid,No,0,36,64.2,Completed
INT0441,Intern_441,25,Female,Undergraduate,Peshawar,Sales,3 Months,Unpaid,No,0,37,50.2,Completed
INT0442,Intern_442,20,Male,PhD,Quetta,Finance,6 Months,Unpaid,Yes,16,17,93.8,Enrolled
INT0443,Intern_443,24,Female,PhD,Bahawalpur,Legal,3 Months,Paid,No,0,50,72.9,Completed
INT0444,Intern_444,22,Male,Graduate,Lahore,Operations,1 Month,Unpaid,No,0,44,85.1,Completed
INT0445,Intern_445,23,Male,PhD,Quetta,Data Science,6 Months,Paid,No,0,6,69.9,Dropped
INT0446,Intern_446,28,Female,Graduate,Multan,Data Science,1 Month,Paid,Yes,8,12,97.4,Enrolled
INT0447,Intern_447,22,Male,PhD,Peshawar,HR,6 Months,Unpaid,Yes,7,13,91.7,Enrolled
INT0448,Intern_448,28,Male,Undergraduate,Lahore,Legal,3 Months,Unpaid,Yes,0,49,92.9,Completed
INT0449,Intern_449,21,Female,Graduate,Quetta,IT,6 Months,Unpaid,No,0,49,95.8,Completed
INT0450,Intern_450,27,Male,Undergraduate,Faisalabad,Engineering,6 Months,Unpaid,Yes,1,33,67.4,Completed
INT0451,Intern_451,22,Female,Graduate,Karachi,Finance,6 Months,Paid,Yes,12,38,55.0,Completed
INT0452,Intern_452,28,Female,Undergraduate,Quetta,Data Science,3 Months,Unpaid,Yes,10,24,59.2,Completed
INT0453,Intern_453,26,Female,Graduate,Faisalabad,Design,2 Months,Unpaid,No,0,12,78.6,Completed
INT0454,Intern_454,22,Female,Undergraduate,Faisalabad,Legal,2 Months,Unpaid,Yes,4,48,57.5,Enrolled
INT0455,Intern_455,23,Female,Undergraduate,Multan,IT,2 Months,Unpaid,No,0,17,78.1,Completed
INT0456,Intern_456,22,Male,PhD,Islamabad,Legal,1 Month,Paid,No,0,17,73.8,Dropped
INT0457,Intern_457,24,Female,Graduate,Multan,Marketing,6 Months,Unpaid,No,0,2,70.6,Completed
INT0458,Intern_458,26,Female,Graduate,Multan,Data Science,2 Months,Unpaid,Yes,2,25,80.7,Completed
INT0459,Intern_459,20,Female,Graduate,Faisalabad,Operations,2 Months,Paid,Yes,5,22,61.4,Completed
INT0460,Intern_460,28,Female,Graduate,Bahawalpur,Data Science,3 Months,Unpaid,No,0,34,98.3,Completed
INT0461,Intern_461,20,Male,Undergraduate,Peshawar,Design,2 Months,Unpaid,Yes,6,11,69.9,Completed
INT0462,Intern_462,20,Male,Undergraduate,Faisalabad,Marketing,1 Month,Paid,No,0,17,80.9,Dropped
INT0463,Intern_463,21,Male,Undergraduate,Quetta,Marketing,6 Months,Unpaid,No,0,9,76.3,Dropped
INT0464,Intern_464,27,Female,Graduate,Bahawalpur,Finance,1 Month,Unpaid,Yes,8,36,72.2,Completed
INT0465,Intern_465,26,Female,PhD,Quetta,Sales,2 Months,Unpaid,No,0,35,61.4,Enrolled
INT0466,Intern_466,23,Female,Graduate,Quetta,Marketing,6 Months,Paid,No,0,1,50.0,Completed
INT0467,Intern_467,26,Female,PhD,Karachi,Finance,3 Months,Unpaid,No,0,20,50.5,Completed
INT0468,Intern_468,25,Male,PhD,Multan,Design,3 Months,Paid,Yes,17,28,69.7,Dropped
INT0469,Intern_469,22,Male,Graduate,Lahore,Finance,6 Months,Unpaid,No,0,34,88.2,Completed
INT0470,Intern_470,21,Female,Graduate,Peshawar,Legal,3 Months,Paid,No,0,9,64.5,Enrolled
INT0471,Intern_471,21,Female,Undergraduate,Multan,Operations,6 Months,Paid,No,0,4,98.5,Completed
INT0472,Intern_472,19,Female,Graduate,Islamabad,IT,2 Months,Unpaid,Yes,7,6,57.5,Enrolled
INT0473,Intern_473,26,Female,Graduate,Bahawalpur,Operations,2 Months,Unpaid,No,0,45,89.6,Completed
INT0474,Intern_474,27,Male,Graduate,Faisalabad,Data Science,1 Month,Paid,Yes,15,12,59.6,Enrolled
INT0475,Intern_475,26,Male,PhD,Peshawar,Engineering,6 Months,Unpaid,Yes,7,48,99.7,Completed
INT0476,Intern_476,24,Male,Graduate,Faisalabad,HR,6 Months,Unpaid,Yes,5,41,86.4,Enrolled
INT0477,Intern_477,24,Female,PhD,Quetta,Sales,1 Month,Paid,No,0,4,93.2,Completed
INT0478,Intern_478,23,Female,Graduate,Karachi,HR,1 Month,Paid,Yes,18,8,69.8,Completed
INT0479,Intern_479,20,Female,PhD,Islamabad,HR,1 Month,Unpaid,Yes,7,11,75.0,Enrolled
INT0480,Intern_480,21,Male,Graduate,Islamabad,Legal,3 Months,Paid,Yes,15,15,65.8,Completed
INT0481,Intern_481,21,Male,Undergraduate,Faisalabad,Sales,3 Months,Unpaid,No,0,17,94.9,Completed
INT0482,Intern_482,24,Female,Undergraduate,Islamabad,Operations,6 Months,Unpaid,No,0,47,73.4,Dropped
INT0483,Intern_483,27,Male,Graduate,Quetta,Legal,2 Months,Unpaid,Yes,11,30,50.0,Completed
INT0484,Intern_484,24,Male,PhD,Multan,Sales,6 Months,Paid,Yes,2,43,98.4,Completed
INT0485,Intern_485,25,Male,PhD,Quetta,Design,2 Months,Unpaid,No,0,42,66.1,Dropped
INT0486,Intern_486,20,Male,Undergraduate,Karachi,Marketing,1 Month,Paid,Yes,15,13,54.9,Enrolled
INT0487,Intern_487,28,Female,Undergraduate,Multan,Legal,6 Months,Paid,No,0,46,53.5,Completed
INT0488,Intern_488,27,Female,PhD,Karachi,HR,6 Months,Unpaid,Yes,13,24,89.7,Completed
INT0489,Intern_489,27,Male,Graduate,Lahore,IT,3 Months,Paid,Yes,3,7,86.3,Dropped
INT0490,Intern_490,27,Male,PhD,Peshawar,Sales,6 Months,Paid,Yes,17,27,87.3,Dropped
INT0491,Intern_491,27,Female,Undergraduate,Islamabad,Legal,3 Months,Paid,No,0,26,75.2,Completed
INT0492,Intern_492,25,Female,PhD,Multan,Finance,6 Months,Unpaid,No,0,49,81.7,Completed
INT0493,Intern_493,26,Female,PhD,Quetta,Data Science,2 Months,Unpaid,Yes,14,26,50.0,Completed
INT0494,Intern_494,22,Male,Graduate,Karachi,IT,3 Months,Unpaid,Yes,6,21,51.1,Completed
INT0495,Intern_495,21,Male,Graduate,Multan,Engineering,2 Months,Paid,Yes,8,24,94.5,Completed
INT0496,Intern_496,20,Female,Undergraduate,Faisalabad,HR,2 Months,Paid,No,0,47,66.2,Completed
INT0497,Intern_497,28,Male,PhD,Quetta,Operations,2 Months,Paid,No,0,25,53.9,Dropped
INT0498,Intern_498,28,Female,Graduate,Lahore,IT,3 Months,Paid,No,0,1,81.7,Completed
INT0499,Intern_499,27,Male,Graduate,Islamabad,Design,1 Month,Unpaid,No,0,45,61.0,Enrolled
INT0500,Intern_500,25,Male,Undergraduate,Faisalabad,IT,6 Months,Unpaid,No,0,10,56.6,Enrolled
INT0501,Intern_501,27,Female,Graduate,Lahore,Marketing,6 Months,Unpaid,Yes,13,50,84.9,Completed
INT0502,Intern_502,22,Female,Graduate,Peshawar,Finance,6 Months,Paid,Yes,2,18,88.8,Completed
INT0503,Intern_503,22,Female,Graduate,Multan,Data Science,1 Month,Unpaid,Yes,10,23,79.7,Completed
INT0504,Intern_504,26,Female,PhD,Bahawalpur,IT,3 Months,Paid,Yes,1,15,60.0,Dropped
INT0505,Intern_505,28,Male,PhD,Karachi,Data Science,2 Months,Paid,Yes,4,19,50.7,Dropped
INT0506,Intern_506,27,Female,Undergraduate,Multan,Marketing,3 Months,Paid,No,0,14,60.2,Completed
INT0507,Intern_507,28,Male,PhD,Karachi,Sales,3 Months,Unpaid,No,0,43,76.3,Enrolled
INT0508,Intern_508,26,Female,Undergraduate,Quetta,Engineering,2 Months,Paid,Yes,20,1,53.3,Dropped
INT0509,Intern_509,25,Male,Graduate,Faisalabad,Engineering,3 Months,Paid,Yes,16,46,55.0,Dropped
INT0510,Intern_510,19,Male,Undergraduate,Bahawalpur,Data Science,6 Months,Paid,Yes,7,34,65.2,Completed
INT0511,Intern_511,23,Male,Graduate,Multan,Operations,6 Months,Unpaid,Yes,7,33,63.8,Completed
INT0512,Intern_512,21,Male,PhD,Quetta,IT,3 Months,Paid,No,0,22,94.9,Completed
INT0513,Intern_513,25,Male,Graduate,Peshawar,Finance,1 Month,Paid,No,0,20,95.5,Enrolled
INT0514,Intern_514,21,Male,PhD,Islamabad,Data Science,6 Months,Paid,Yes,9,45,85.3,Completed
INT0515,Intern_515,20,Male,PhD,Islamabad,Sales,2 Months,Unpaid,No,0,36,76.6,Completed
INT0516,Intern_516,25,Male,PhD,Karachi,Marketing,2 Months,Unpaid,No,0,27,65.2,Completed
INT0517,Intern_517,28,Male,Undergraduate,Islamabad,Engineering,2 Months,Paid,Yes,19,18,80.3,Completed
INT0518,Intern_518,20,Male,PhD,Karachi,Legal,2 Months,Unpaid,Yes,15,9,75.1,Dropped
INT0519,Intern_519,21,Male,Graduate,Bahawalpur,Legal,6 Months,Unpaid,No,0,11,59.7,Enrolled
INT0520,Intern_520,22,Female,Graduate,Peshawar,IT,6 Months,Paid,Yes,2,12,96.4,Completed
INT0521,Intern_521,19,Female,Undergraduate,Faisalabad,Operations,6 Months,Unpaid,No,0,39,86.8,Completed
INT0522,Intern_522,26,Male,PhD,Lahore,Design,3 Months,Unpaid,No,0,3,93.9,Completed
INT0523,Intern_523,23,Female,PhD,Karachi,HR,6 Months,Paid,Yes,14,26,94.2,Enrolled
INT0524,Intern_524,26,Female,Graduate,Karachi,Engineering,6 Months,Paid,Yes,20,29,54.5,Dropped
INT0525,Intern_525,26,Male,Graduate,Faisalabad,Sales,1 Month,Unpaid,Yes,0,12,72.7,Dropped
INT0526,Intern_526,20,Female,Graduate,Islamabad,HR,6 Months,Paid,Yes,3,46,72.5,Completed
INT0527,Intern_527,21,Male,Graduate,Faisalabad,Data Science,1 Month,Paid,No,0,22,78.3,Completed
INT0528,Intern_528,23,Male,PhD,Karachi,Finance,2 Months,Unpaid,Yes,9,47,88.4,Completed
INT0529,Intern_529,28,Male,Undergraduate,Peshawar,Operations,3 Months,Paid,Yes,8,1,72.9,Completed
INT0530,Intern_530,25,Male,Undergraduate,Bahawalpur,Operations,1 Month,Unpaid,No,0,29,54.0,Enrolled
INT0531,Intern_531,21,Female,PhD,Peshawar,Legal,1 Month,Paid,Yes,4,4,82.7,Dropped
INT0532,Intern_532,20,Female,Graduate,Lahore,IT,2 Months,Paid,Yes,13,12,58.1,Enrolled
INT0533,Intern_533,24,Female,Undergraduate,Lahore,Engineering,2 Months,Unpaid,No,0,24,94.9,Enrolled
INT0534,Intern_534,23,Female,Graduate,Islamabad,Marketing,6 Months,Paid,Yes,10,34,70.7,Completed
INT0535,Intern_535,28,Male,PhD,Lahore,HR,2 Months,Unpaid,Yes,9,28,80.4,Dropped
INT0536,Intern_536,26,Male,PhD,Bahawalpur,Data Science,3 Months,Unpaid,No,0,12,94.2,Enrolled
INT0537,Intern_537,20,Male,Undergraduate,Karachi,HR,3 Months,Unpaid,Yes,6,40,99.9,Dropped
INT0538,Intern_538,22,Female,PhD,Peshawar,Design,1 Month,Paid,No,0,45,64.1,Completed
INT0539,Intern_539,24,Female,Undergraduate,Lahore,Marketing,3 Months,Unpaid,No,0,26,86.2,Completed
INT0540,Intern_540,26,Male,Graduate,Multan,Legal,1 Month,Unpaid,Yes,1,42,56.8,Completed
INT0541,Intern_541,28,Female,Graduate,Karachi,Finance,6 Months,Unpaid,No,0,47,83.9,Enrolled
INT0542,Intern_542,23,Female,Graduate,Lahore,Sales,1 Month,Paid,Yes,0,22,99.2,Completed
INT0543,Intern_543,24,Male,PhD,Lahore,Sales,2 Months,Unpaid,No,0,46,51.6,Completed
INT0544,Intern_544,22,Male,Graduate,Bahawalpur,Design,1 Month,Unpaid,No,0,34,65.1,Dropped
INT0545,Intern_545,26,Male,Undergraduate,Bahawalpur,Marketing,3 Months,Paid,Yes,16,10,59.5,Completed
INT0546,Intern_546,19,Male,Undergraduate,Islamabad,Operations,3 Months,Paid,No,0,30,69.4,Completed
INT0547,Intern_547,26,Female,Undergraduate,Lahore,Sales,1 Month,Unpaid,Yes,1,7,76.0,Completed
INT0548,Intern_548,23,Male,Graduate,Peshawar,Engineering,1 Month,Paid,No,0,18,76.6,Dropped
INT0549,Intern_549,19,Male,Undergraduate,Quetta,Operations,1 Month,Paid,No,0,40,78.0,Dropped
INT0550,Intern_550,28,Female,Graduate,Islamabad,Marketing,2 Months,Unpaid,No,0,16,58.6,Dropped
INT0551,Intern_551,19,Male,Undergraduate,Karachi,Engineering,3 Months,Unpaid,No,0,7,69.2,Dropped
INT0552,Intern_552,23,Male,PhD,Bahawalpur,Marketing,6 Months,Unpaid,No,0,22,90.9,Dropped
INT0553,Intern_553,26,Male,Undergraduate,Bahawalpur,Sales,1 Month,Paid,No,0,20,84.2,Completed
INT0554,Intern_554,25,Male,Undergraduate,Quetta,Operations,6 Months,Unpaid,Yes,5,45,95.9,Completed
INT0555,Intern_555,20,Female,Undergraduate,Lahore,Data Science,3 Months,Unpaid,No,0,23,73.9,Enrolled
INT0556,Intern_556,20,Male,PhD,Lahore,Finance,3 Months,Unpaid,No,0,21,77.8,Completed
INT0557,Intern_557,28,Female,PhD,Faisalabad,Marketing,3 Months,Paid,No,0,16,77.4,Completed
INT0558,Intern_558,28,Female,Undergraduate,Faisalabad,Operations,6 Months,Unpaid,Yes,10,35,84.7,Completed
INT0559,Intern_559,27,Male,PhD,Bahawalpur,Finance,1 Month,Unpaid,No,0,7,91.1,Dropped
INT0560,Intern_560,24,Male,PhD,Lahore,Finance,3 Months,Unpaid,No,0,32,82.2,Completed
INT0561,Intern_561,21,Male,PhD,Karachi,IT,1 Month,Paid,Yes,14,35,64.6,Dropped
INT0562,Intern_562,28,Male,PhD,Multan,Legal,6 Months,Unpaid,Yes,9,28,85.9,Completed
INT0563,Intern_563,24,Female,Undergraduate,Quetta,Data Science,1 Month,Paid,Yes,17,4,50.0,Completed
INT0564,Intern_564,28,Female,Undergraduate,Peshawar,Sales,3 Months,Unpaid,Yes,12,41,65.9,Completed
INT0565,Intern_565,26,Female,PhD,Peshawar,Design,6 Months,Paid,No,0,9,59.4,Completed
INT0566,Intern_566,19,Male,Graduate,Islamabad,Design,3 Months,Paid,No,0,5,82.4,Completed
INT0567,Intern_567,26,Male,Undergraduate,Islamabad,Finance,6 Months,Unpaid,No,0,45,80.2,Completed
INT0568,Intern_568,24,Female,PhD,Bahawalpur,Design,2 Months,Unpaid,No,0,15,59.3,Dropped
INT0569,Intern_569,27,Male,PhD,Quetta,Legal,1 Month,Unpaid,No,0,37,68.3,Enrolled
INT0570,Intern_570,21,Male,PhD,Bahawalpur,IT,6 Months,Paid,No,0,47,86.6,Completed
INT0571,Intern_571,27,Male,Undergraduate,Bahawalpur,Engineering,6 Months,Paid,Yes,18,20,80.7,Completed
INT0572,Intern_572,25,Female,PhD,Bahawalpur,Data Science,1 Month,Unpaid,No,0,23,98.0,Dropped
INT0573,Intern_573,19,Male,PhD,Quetta,Engineering,3 Months,Unpaid,Yes,20,31,78.9,Completed
INT0574,Intern_574,21,Male,Graduate,Bahawalpur,Legal,1 Month,Paid,No,0,33,53.8,Dropped
INT0575,Intern_575,20,Female,Graduate,Quetta,Engineering,3 Months,Paid,Yes,19,12,95.5,Completed
INT0576,Intern_576,21,Male,Graduate,Peshawar,Finance,6 Months,Unpaid,No,0,34,93.1,Enrolled
INT0577,Intern_577,22,Male,Graduate,Faisalabad,Data Science,1 Month,Unpaid,Yes,14,47,81.9,Completed
INT0578,Intern_578,26,Female,Undergraduate,Karachi,HR,3 Months,Paid,Yes,12,31,65.1,Dropped
INT0579,Intern_579,27,Female,Graduate,Quetta,Sales,2 Months,Paid,No,0,28,50.6,Completed
INT0580,Intern_580,28,Male,Undergraduate,Multan,Operations,6 Months,Unpaid,No,0,42,92.9,Completed
INT0581,Intern_581,22,Male,Graduate,Faisalabad,Data Science,3 Months,Unpaid,No,0,47,83.6,Completed
INT0582,Intern_582,20,Female,PhD,Karachi,HR,3 Months,Paid,Yes,0,27,54.9,Enrolled
INT0583,Intern_583,22,Male,PhD,Quetta,Marketing,6 Months,Unpaid,No,0,3,51.2,Dropped
INT0584,Intern_584,28,Male,PhD,Lahore,Marketing,1 Month,Paid,Yes,4,25,82.8,Completed
INT0585,Intern_585,20,Male,Graduate,Quetta,Legal,2 Months,Unpaid,Yes,20,30,96.1,Completed
INT0586,Intern_586,19,Female,Undergraduate,Lahore,Engineering,6 Months,Unpaid,No,0,25,69.4,Completed
INT0587,Intern_587,22,Male,Graduate,Lahore,IT,3 Months,Unpaid,No,0,40,69.6,Completed
INT0588,Intern_588,23,Female,Undergraduate,Lahore,Operations,1 Month,Unpaid,Yes,3,3,53.6,Completed
INT0589,Intern_589,19,Male,Graduate,Islamabad,Legal,3 Months,Paid,No,0,43,69.5,Completed
INT0590,Intern_590,25,Male,PhD,Bahawalpur,Finance,3 Months,Unpaid,No,0,26,92.2,Completed
INT0591,Intern_591,28,Female,PhD,Bahawalpur,Marketing,2 Months,Paid,Yes,17,23,66.7,Completed
INT0592,Intern_592,26,Male,Graduate,Multan,Engineering,6 Months,Paid,Yes,9,42,60.2,Completed
INT0593,Intern_593,24,Male,Graduate,Faisalabad,Sales,1 Month,Paid,No,0,32,54.2,Completed
INT0594,Intern_594,26,Male,Undergraduate,Karachi,Operations,2 Months,Paid,Yes,12,5,89.6,Completed
INT0595,Intern_595,24,Male,Undergraduate,Multan,Engineering,6 Months,Paid,No,0,47,52.1,Enrolled
INT0596,Intern_596,19,Male,PhD,Peshawar,Marketing,2 Months,Paid,No,0,48,57.1,Completed
INT0597,Intern_597,21,Male,PhD,Islamabad,IT,6 Months,Paid,Yes,20,4,95.2,Completed
INT0598,Intern_598,28,Male,Undergraduate,Lahore,Marketing,6 Months,Unpaid,Yes,19,15,53.2,Completed
INT0599,Intern_599,24,Female,Graduate,Lahore,HR,6 Months,Paid,No,0,14,88.2,Completed
INT0600,Intern_600,25,Male,Undergraduate,Quetta,Legal,2 Months,Paid,No,0,11,84.8,Completed
INT0601,Intern_601,20,Male,PhD,Karachi,Sales,2 Months,Paid,No,0,41,80.6,Completed
INT0602,Intern_602,20,Male,Undergraduate,Karachi,Finance,1 Month,Paid,No,0,46,82.6,Completed
INT0603,Intern_603,27,Male,Undergraduate,Islamabad,Engineering,6 Months,Unpaid,No,0,29,70.6,Completed
INT0604,Intern_604,24,Female,PhD,Lahore,Finance,1 Month,Unpaid,Yes,13,1,77.9,Completed
INT0605,Intern_605,22,Female,PhD,Peshawar,HR,1 Month,Unpaid,Yes,8,4,59.7,Completed
INT0606,Intern_606,24,Male,Undergraduate,Karachi,Finance,6 Months,Paid,No,0,19,60.5,Completed
INT0607,Intern_607,21,Male,Undergraduate,Karachi,Engineering,3 Months,Paid,No,0,2,74.3,Completed
INT0608,Intern_608,22,Female,PhD,Multan,Marketing,1 Month,Unpaid,Yes,10,15,88.9,Completed
INT0609,Intern_609,25,Male,PhD,Faisalabad,Data Science,2 Months,Paid,Yes,7,5,73.5,Completed
INT0610,Intern_610,25,Male,Undergraduate,Bahawalpur,Operations,1 Month,Paid,No,0,24,56.8,Dropped
INT0611,Intern_611,28,Male,Graduate,Islamabad,HR,3 Months,Paid,No,0,4,64.0,Completed
INT0612,Intern_612,23,Female,Undergraduate,Multan,Marketing,6 Months,Paid,No,0,39,57.8,Dropped
INT0613,Intern_613,28,Male,Graduate,Bahawalpur,Legal,2 Months,Paid,Yes,15,30,64.0,Completed
INT0614,Intern_614,28,Female,Graduate,Peshawar,Design,2 Months,Paid,Yes,0,27,99.0,Completed
INT0615,Intern_615,20,Female,PhD,Faisalabad,IT,6 Months,Unpaid,Yes,14,32,62.0,Dropped
INT0616,Intern_616,22,Male,Undergraduate,Multan,Sales,1 Month,Unpaid,No,0,42,99.9,Enrolled
INT0617,Intern_617,26,Male,PhD,Bahawalpur,IT,6 Months,Paid,No,0,30,88.6,Completed
INT0618,Intern_618,25,Female,PhD,Karachi,Design,2 Months,Paid,No,0,45,66.6,Completed
INT0619,Intern_619,28,Female,PhD,Peshawar,IT,3 Months,Paid,No,0,22,86.8,Dropped
INT0620,Intern_620,28,Male,Graduate,Multan,IT,3 Months,Unpaid,Yes,1,24,68.3,Dropped
INT0621,Intern_621,26,Male,Graduate,Peshawar,Sales,1 Month,Paid,Yes,18,45,60.5,Completed
INT0622,Intern_622,19,Female,PhD,Faisalabad,HR,3 Months,Unpaid,No,0,5,68.6,Completed
INT0623,Intern_623,28,Female,PhD,Quetta,Operations,6 Months,Unpaid,Yes,11,44,97.3,Completed
INT0624,Intern_624,23,Male,Undergraduate,Faisalabad,Marketing,2 Months,Paid,No,0,5,55.5,Completed
INT0625,Intern_625,23,Female,Undergraduate,Peshawar,Engineering,1 Month,Paid,Yes,13,44,77.1,Completed
INT0626,Intern_626,22,Female,Graduate,Karachi,Finance,6 Months,Unpaid,No,0,5,51.1,Completed
INT0627,Intern_627,28,Female,PhD,Multan,HR,3 Months,Unpaid,No,0,43,84.8,Completed
INT0628,Intern_628,21,Female,PhD,Islamabad,Sales,6 Months,Unpaid,No,0,17,61.3,Dropped
INT0629,Intern_629,21,Male,Graduate,Quetta,Data Science,3 Months,Unpaid,Yes,19,11,85.6,Completed
INT0630,Intern_630,19,Male,Undergraduate,Peshawar,Engineering,2 Months,Paid,Yes,10,37,56.3,Completed
INT0631,Intern_631,24,Male,PhD,Karachi,Engineering,3 Months,Unpaid,Yes,4,24,72.4,Dropped
INT0632,Intern_632,26,Male,Graduate,Bahawalpur,Finance,3 Months,Paid,Yes,10,10,50.2,Dropped
INT0633,Intern_633,24,Female,Graduate,Islamabad,Sales,3 Months,Unpaid,No,0,45,55.6,Completed
INT0634,Intern_634,28,Male,Graduate,Karachi,Operations,1 Month,Unpaid,Yes,7,29,67.9,Completed
INT0635,Intern_635,20,Male,Graduate,Peshawar,Data Science,1 Month,Paid,Yes,17,29,83.9,Completed
INT0636,Intern_636,25,Female,Graduate,Karachi,Marketing,6 Months,Unpaid,Yes,4,46,92.7,Completed
INT0637,Intern_637,23,Male,Graduate,Multan,Data Science,6 Months,Unpaid,No,0,29,93.7,Completed
INT0638,Intern_638,25,Female,Graduate,Quetta,Marketing,2 Months,Paid,No,0,47,94.8,Completed
INT0639,Intern_639,20,Male,Graduate,Bahawalpur,Finance,1 Month,Unpaid,Yes,18,49,68.8,Completed
INT0640,Intern_640,22,Female,Undergraduate,Bahawalpur,IT,6 Months,Paid,No,0,12,91.6,Completed
INT0641,Intern_641,27,Female,PhD,Quetta,Engineering,6 Months,Unpaid,Yes,14,15,51.3,Completed
INT0642,Intern_642,23,Female,PhD,Bahawalpur,IT,2 Months,Paid,No,0,27,59.0,Completed
INT0643,Intern_643,28,Female,Graduate,Lahore,HR,1 Month,Unpaid,Yes,15,37,71.8,Completed
INT0644,Intern_644,21,Female,PhD,Karachi,Engineering,6 Months,Unpaid,Yes,18,4,57.3,Completed
INT0645,Intern_645,25,Male,Undergraduate,Quetta,Operations,2 Months,Unpaid,No,0,41,95.6,Completed
INT0646,Intern_646,21,Female,PhD,Lahore,Data Science,1 Month,Paid,No,0,49,54.7,Enrolled
INT0647,Intern_647,27,Female,Graduate,Multan,Finance,3 Months,Paid,No,0,38,67.6,Completed
INT0648,Intern_648,24,Female,Graduate,Bahawalpur,Finance,1 Month,Unpaid,Yes,5,7,60.9,Dropped
INT0649,Intern_649,20,Male,Graduate,Bahawalpur,Sales,2 Months,Paid,Yes,4,2,74.0,Dropped
INT0650,Intern_650,23,Female,PhD,Multan,Engineering,3 Months,Paid,Yes,0,48,90.7,Completed
INT0651,Intern_651,21,Male,Graduate,Islamabad,HR,2 Months,Paid,Yes,2,28,84.5,Completed
INT0652,Intern_652,20,Female,Graduate,Karachi,Marketing,1 Month,Paid,Yes,1,43,75.7,Completed
INT0653,Intern_653,19,Female,Undergraduate,Lahore,IT,6 Months,Unpaid,Yes,3,8,96.0,Completed
INT0654,Intern_654,23,Female,Undergraduate,Lahore,HR,2 Months,Paid,Yes,18,23,67.6,Dropped
INT0655,Intern_655,22,Male,PhD,Karachi,Sales,2 Months,Paid,Yes,9,11,95.1,Completed
INT0656,Intern_656,28,Male,PhD,Bahawalpur,Sales,1 Month,Unpaid,Yes,5,29,83.7,Completed
INT0657,Intern_657,25,Female,Graduate,Peshawar,Marketing,2 Months,Paid,No,0,8,88.1,Completed
INT0658,Intern_658,24,Male,PhD,Islamabad,Data Science,1 Month,Unpaid,No,0,46,64.4,Completed
INT0659,Intern_659,26,Female,Undergraduate,Faisalabad,IT,1 Month,Unpaid,No,0,39,86.8,Dropped
INT0660,Intern_660,26,Female,Graduate,Peshawar,Operations,2 Months,Paid,No,0,44,68.4,Completed
INT0661,Intern_661,21,Female,Graduate,Lahore,IT,6 Months,Paid,Yes,12,26,84.8,Completed
INT0662,Intern_662,28,Female,Undergraduate,Multan,Marketing,2 Months,Paid,Yes,12,8,61.6,Enrolled
INT0663,Intern_663,26,Female,PhD,Faisalabad,Design,6 Months,Unpaid,No,0,43,80.2,Completed
INT0664,Intern_664,23,Male,Graduate,Lahore,Design,6 Months,Paid,No,0,32,74.9,Completed
INT0665,Intern_665,21,Male,Undergraduate,Bahawalpur,Finance,1 Month,Paid,Yes,12,39,84.0,Completed
INT0666,Intern_666,22,Male,PhD,Bahawalpur,Finance,3 Months,Unpaid,Yes,9,43,74.9,Completed
INT0667,Intern_667,25,Male,Undergraduate,Faisalabad,Sales,3 Months,Paid,No,0,29,65.7,Completed
INT0668,Intern_668,21,Male,Undergraduate,Islamabad,Design,6 Months,Unpaid,No,0,32,71.5,Completed
INT0669,Intern_669,26,Male,PhD,Bahawalpur,Engineering,6 Months,Unpaid,No,0,36,92.7,Completed
INT0670,Intern_670,23,Female,Graduate,Faisalabad,Sales,1 Month,Unpaid,No,0,21,53.1,Completed
INT0671,Intern_671,25,Female,Graduate,Karachi,Legal,1 Month,Unpaid,Yes,3,28,67.3,Completed
INT0672,Intern_672,22,Male,PhD,Peshawar,Data Science,6 Months,Paid,No,0,42,65.6,Enrolled
INT0673,Intern_673,27,Male,Graduate,Islamabad,Marketing,1 Month,Paid,No,0,21,51.9,Completed
INT0674,Intern_674,24,Male,PhD,Bahawalpur,Design,6 Months,Paid,No,0,25,78.5,Completed
INT0675,Intern_675,26,Male,PhD,Peshawar,Data Science,1 Month,Unpaid,No,0,33,90.6,Completed
INT0676,Intern_676,20,Female,Graduate,Peshawar,Data Science,2 Months,Unpaid,No,0,35,60.7,Enrolled
INT0677,Intern_677,28,Female,Undergraduate,Lahore,Engineering,1 Month,Paid,No,0,22,63.7,Completed
INT0678,Intern_678,27,Male,Graduate,Lahore,Legal,6 Months,Unpaid,No,0,20,71.6,Completed
INT0679,Intern_679,27,Female,Graduate,Quetta,Sales,3 Months,Unpaid,Yes,5,2,81.4,Enrolled
INT0680,Intern_680,27,Male,PhD,Bahawalpur,Sales,2 Months,Unpaid,No,0,40,92.6,Dropped
INT0681,Intern_681,21,Female,Graduate,Islamabad,Design,1 Month,Paid,Yes,9,28,70.5,Dropped
INT0682,Intern_682,28,Female,Graduate,Islamabad,Marketing,2 Months,Unpaid,No,0,16,70.3,Completed
INT0683,Intern_683,26,Male,Undergraduate,Quetta,Marketing,2 Months,Unpaid,Yes,17,28,71.1,Completed
INT0684,Intern_684,23,Female,Undergraduate,Karachi,IT,2 Months,Unpaid,Yes,17,12,82.2,Completed
INT0685,Intern_685,20,Male,Undergraduate,Multan,IT,6 Months,Unpaid,Yes,13,24,83.6,Dropped
INT0686,Intern_686,26,Male,Undergraduate,Lahore,Marketing,6 Months,Unpaid,Yes,2,16,80.0,Completed
INT0687,Intern_687,20,Male,Graduate,Peshawar,Data Science,3 Months,Paid,No,0,12,60.7,Completed
INT0688,Intern_688,27,Female,PhD,Karachi,Engineering,6 Months,Unpaid,No,0,24,85.0,Completed
INT0689,Intern_689,21,Female,PhD,Peshawar,Marketing,3 Months,Unpaid,No,0,24,73.8,Dropped
INT0690,Intern_690,23,Male,PhD,Karachi,Data Science,3 Months,Paid,Yes,17,25,65.5,Completed
INT0691,Intern_691,23,Female,Graduate,Karachi,Data Science,1 Month,Unpaid,Yes,9,6,96.8,Completed
INT0692,Intern_692,19,Male,Graduate,Multan,HR,3 Months,Unpaid,Yes,8,6,91.2,Completed
INT0693,Intern_693,21,Female,PhD,Faisalabad,Operations,6 Months,Paid,No,0,45,63.0,Completed
INT0694,Intern_694,21,Female,Graduate,Karachi,Marketing,3 Months,Paid,No,0,41,72.2,Completed
INT0695,Intern_695,28,Male,PhD,Quetta,Finance,1 Month,Unpaid,No,0,6,55.5,Completed
INT0696,Intern_696,23,Female,Graduate,Bahawalpur,HR,2 Months,Paid,No,0,12,84.4,Completed
INT0697,Intern_697,25,Male,Graduate,Multan,Data Science,3 Months,Paid,Yes,12,37,61.2,Completed
INT0698,Intern_698,19,Female,Undergraduate,Quetta,IT,2 Months,Paid,Yes,12,40,71.4,Completed
INT0699,Intern_699,27,Female,Undergraduate,Lahore,Engineering,2 Months,Paid,Yes,13,50,96.0,Completed
INT0700,Intern_700,23,Male,PhD,Peshawar,Operations,6 Months,Paid,Yes,9,48,74.7,Completed
INT0701,Intern_701,21,Male,Graduate,Peshawar,Finance,6 Months,Unpaid,Yes,13,10,51.4,Completed
INT0702,Intern_702,19,Male,Graduate,Bahawalpur,Engineering,2 Months,Paid,No,0,31,56.7,Completed
INT0703,Intern_703,20,Female,PhD,Faisalabad,Data Science,6 Months,Unpaid,Yes,3,36,52.9,Completed
INT0704,Intern_704,23,Female,PhD,Karachi,Data Science,2 Months,Paid,No,0,33,81.0,Completed
INT0705,Intern_705,23,Male,PhD,Karachi,Engineering,6 Months,Paid,No,0,11,75.2,Completed
INT0706,Intern_706,23,Male,Graduate,Faisalabad,Data Science,6 Months,Paid,Yes,3,21,52.2,Enrolled
INT0707,Intern_707,28,Female,Graduate,Quetta,Finance,6 Months,Unpaid,No,0,49,96.3,Completed
INT0708,Intern_708,27,Male,Graduate,Bahawalpur,Sales,3 Months,Paid,No,0,43,81.8,Completed
INT0709,Intern_709,19,Male,Undergraduate,Peshawar,Operations,1 Month,Paid,Yes,15,17,58.2,Completed
INT0710,Intern_710,27,Female,Undergraduate,Bahawalpur,Operations,6 Months,Unpaid,Yes,15,30,74.6,Completed
INT0711,Intern_711,21,Male,Undergraduate,Quetta,Finance,1 Month,Paid,No,0,48,75.4,Dropped
INT0712,Intern_712,26,Male,Graduate,Lahore,Engineering,2 Months,Paid,Yes,3,22,51.3,Completed
INT0713,Intern_713,20,Male,Graduate,Islamabad,Marketing,6 Months,Paid,No,0,30,91.5,Completed
INT0714,Intern_714,24,Male,Graduate,Karachi,Operations,6 Months,Unpaid,No,0,47,100.0,Completed
INT0715,Intern_715,19,Male,PhD,Quetta,Legal,2 Months,Unpaid,Yes,2,36,97.6,Completed
INT0716,Intern_716,20,Female,Undergraduate,Peshawar,Design,1 Month,Unpaid,No,0,2,92.6,Enrolled
INT0717,Intern_717,23,Female,PhD,Islamabad,Finance,6 Months,Paid,No,0,32,90.1,Dropped
INT0718,Intern_718,26,Male,Graduate,Peshawar,Engineering,2 Months,Unpaid,No,0,25,73.8,Enrolled
INT0719,Intern_719,25,Female,Graduate,Islamabad,Legal,6 Months,Unpaid,Yes,2,3,75.7,Completed
INT0720,Intern_720,26,Female,PhD,Lahore,Operations,2 Months,Unpaid,Yes,13,6,95.4,Dropped
INT0721,Intern_721,27,Male,PhD,Quetta,Operations,3 Months,Paid,Yes,13,19,78.4,Enrolled
INT0722,Intern_722,20,Male,PhD,Faisalabad,Sales,1 Month,Unpaid,Yes,14,43,86.0,Completed
INT0723,Intern_723,26,Male,PhD,Karachi,Engineering,3 Months,Paid,No,0,12,89.3,Completed
INT0724,Intern_724,28,Female,PhD,Quetta,Design,1 Month,Unpaid,Yes,14,49,83.5,Dropped
INT0725,Intern_725,28,Male,Undergraduate,Islamabad,Legal,3 Months,Paid,No,0,17,93.6,Completed
INT0726,Intern_726,21,Male,Graduate,Lahore,Marketing,6 Months,Paid,Yes,20,31,73.0,Dropped
INT0727,Intern_727,20,Female,PhD,Faisalabad,Design,6 Months,Unpaid,No,0,9,56.8,Completed
INT0728,Intern_728,21,Male,Undergraduate,Peshawar,HR,1 Month,Unpaid,Yes,20,16,71.8,Dropped
INT0729,Intern_729,25,Female,Graduate,Islamabad,Sales,2 Months,Unpaid,Yes,0,8,58.3,Completed
INT0730,Intern_730,22,Female,Undergraduate,Bahawalpur,Finance,6 Months,Paid,No,0,19,78.5,Completed
INT0731,Intern_731,26,Male,Undergraduate,Faisalabad,Design,1 Month,Unpaid,No,0,48,78.9,Completed
INT0732,Intern_732,22,Female,Graduate,Bahawalpur,Sales,3 Months,Unpaid,Yes,1,34,51.0,Dropped
INT0733,Intern_733,20,Female,PhD,Faisalabad,Legal,3 Months,Unpaid,Yes,15,40,96.9,Completed
INT0734,Intern_734,26,Male,Undergraduate,Quetta,Data Science,6 Months,Paid,No,0,23,71.9,Completed
INT0735,Intern_735,25,Female,Undergraduate,Quetta,Sales,2 Months,Unpaid,No,0,44,82.6,Completed
INT0736,Intern_736,21,Male,Graduate,Lahore,Data Science,6 Months,Unpaid,Yes,5,13,57.8,Dropped
INT0737,Intern_737,27,Female,Graduate,Peshawar,Operations,1 Month,Paid,No,0,4,100.0,Completed
INT0738,Intern_738,24,Male,Undergraduate,Karachi,Data Science,3 Months,Paid,No,0,28,55.7,Dropped
INT0739,Intern_739,19,Female,Graduate,Multan,HR,1 Month,Unpaid,Yes,17,18,94.8,Completed
INT0740,Intern_740,28,Female,Graduate,Lahore,Sales,1 Month,Paid,Yes,19,7,91.2,Completed
INT0741,Intern_741,23,Male,Undergraduate,Multan,IT,1 Month,Paid,Yes,14,49,75.3,Completed
INT0742,Intern_742,26,Female,Undergraduate,Lahore,Marketing,2 Months,Paid,No,0,27,88.5,Completed
INT0743,Intern_743,23,Female,Graduate,Islamabad,IT,2 Months,Paid,No,0,24,85.8,Dropped
INT0744,Intern_744,21,Male,PhD,Faisalabad,Design,3 Months,Paid,Yes,13,27,95.9,Completed
INT0745,Intern_745,20,Female,Undergraduate,Karachi,Operations,3 Months,Paid,Yes,10,21,70.1,Completed
INT0746,Intern_746,27,Female,Undergraduate,Islamabad,Finance,6 Months,Paid,Yes,9,27,70.1,Dropped
INT0747,Intern_747,25,Female,Undergraduate,Quetta,Sales,3 Months,Paid,No,0,29,82.2,Completed
INT0748,Intern_748,19,Female,Undergraduate,Quetta,Sales,6 Months,Paid,No,0,35,66.7,Completed
INT0749,Intern_749,21,Male,PhD,Quetta,Finance,3 Months,Unpaid,Yes,0,2,94.5,Dropped
INT0750,Intern_750,19,Female,PhD,Faisalabad,Sales,3 Months,Paid,Yes,11,17,81.3,Completed
INT0751,Intern_751,26,Male,Graduate,Quetta,Data Science,1 Month,Paid,Yes,10,16,90.3,Completed
INT0752,Intern_752,27,Female,Graduate,Islamabad,Legal,2 Months,Unpaid,No,0,48,62.4,Enrolled
INT0753,Intern_753,25,Female,Undergraduate,Islamabad,Data Science,2 Months,Unpaid,No,0,6,54.6,Dropped
INT0754,Intern_754,27,Male,Graduate,Lahore,Design,2 Months,Unpaid,No,0,26,79.4,Completed
INT0755,Intern_755,26,Female,PhD,Faisalabad,Sales,6 Months,Unpaid,No,0,47,98.7,Completed
INT0756,Intern_756,27,Female,PhD,Bahawalpur,Finance,2 Months,Paid,Yes,16,8,84.7,Dropped
INT0757,Intern_757,28,Male,PhD,Multan,Operations,6 Months,Paid,Yes,13,8,56.0,Completed
INT0758,Intern_758,24,Male,Undergraduate,Multan,Legal,3 Months,Unpaid,Yes,9,19,74.3,Completed
INT0759,Intern_759,21,Male,Graduate,Quetta,Finance,2 Months,Paid,No,0,48,74.4,Enrolled
INT0760,Intern_760,28,Male,Graduate,Bahawalpur,Marketing,3 Months,Unpaid,Yes,14,22,89.1,Completed
INT0761,Intern_761,24,Female,Graduate,Bahawalpur,Operations,2 Months,Paid,Yes,2,40,83.2,Completed
INT0762,Intern_762,23,Female,Graduate,Karachi,Design,6 Months,Unpaid,Yes,20,6,93.3,Completed
INT0763,Intern_763,26,Male,Undergraduate,Karachi,IT,3 Months,Paid,Yes,16,2,56.0,Completed
INT0764,Intern_764,20,Female,Undergraduate,Peshawar,Sales,2 Months,Unpaid,Yes,17,39,66.0,Dropped
INT0765,Intern_765,25,Male,Graduate,Faisalabad,Legal,1 Month,Paid,No,0,2,93.0,Completed
INT0766,Intern_766,23,Male,Undergraduate,Lahore,Data Science,6 Months,Paid,No,0,10,59.1,Dropped
INT0767,Intern_767,28,Female,PhD,Islamabad,Marketing,2 Months,Paid,No,0,21,59.1,Dropped
INT0768,Intern_768,24,Male,Graduate,Islamabad,IT,3 Months,Unpaid,No,0,17,68.8,Enrolled
INT0769,Intern_769,27,Male,PhD,Peshawar,Marketing,1 Month,Unpaid,Yes,16,25,97.5,Completed
INT0770,Intern_770,26,Female,PhD,Faisalabad,Engineering,1 Month,Paid,No,0,2,70.4,Dropped
INT0771,Intern_771,28,Male,Undergraduate,Islamabad,HR,1 Month,Unpaid,No,0,27,72.3,Completed
INT0772,Intern_772,27,Female,PhD,Islamabad,Sales,2 Months,Paid,Yes,13,36,72.6,Dropped
INT0773,Intern_773,23,Male,Undergraduate,Karachi,IT,6 Months,Unpaid,No,0,39,62.5,Completed
INT0774,Intern_774,23,Female,Undergraduate,Islamabad,Design,3 Months,Paid,Yes,2,26,84.9,Completed
INT0775,Intern_775,23,Male,PhD,Multan,Finance,3 Months,Unpaid,No,0,49,85.4,Dropped
INT0776,Intern_776,19,Female,Undergraduate,Bahawalpur,Engineering,2 Months,Unpaid,No,0,45,56.7,Completed
INT0777,Intern_777,27,Male,PhD,Islamabad,IT,6 Months,Unpaid,Yes,15,49,69.6,Completed
INT0778,Intern_778,25,Female,PhD,Lahore,Marketing,1 Month,Unpaid,Yes,19,23,69.3,Dropped
INT0779,Intern_779,22,Female,Undergraduate,Bahawalpur,IT,1 Month,Paid,No,0,48,51.0,Dropped
INT0780,Intern_780,22,Male,PhD,Quetta,Engineering,3 Months,Paid,Yes,15,24,51.8,Completed
INT0781,Intern_781,23,Male,PhD,Faisalabad,Operations,2 Months,Paid,Yes,18,33,74.7,Completed
INT0782,Intern_782,21,Male,PhD,Islamabad,Sales,2 Months,Paid,Yes,8,37,92.8,Completed
INT0783,Intern_783,19,Male,PhD,Quetta,Sales,3 Months,Unpaid,Yes,13,42,83.7,Completed
INT0784,Intern_784,26,Female,Graduate,Lahore,IT,3 Months,Unpaid,No,0,24,75.9,Completed
INT0785,Intern_785,19,Female,Graduate,Bahawalpur,IT,2 Months,Unpaid,Yes,12,13,66.7,Completed
INT0786,Intern_786,21,Female,Undergraduate,Peshawar,Legal,1 Month,Paid,Yes,10,20,53.1,Enrolled
INT0787,Intern_787,22,Female,Undergraduate,Multan,Marketing,1 Month,Unpaid,No,0,7,73.7,Dropped
INT0788,Intern_788,26,Male,Undergraduate,Bahawalpur,Data Science,1 Month,Paid,No,0,38,56.2,Completed
INT0789,Intern_789,19,Female,PhD,Lahore,IT,1 Month,Paid,No,0,29,52.7,Dropped
INT0790,Intern_790,23,Male,PhD,Karachi,Legal,6 Months,Paid,Yes,12,26,54.8,Enrolled
INT0791,Intern_791,28,Female,Graduate,Bahawalpur,Design,2 Months,Unpaid,Yes,19,7,67.0,Completed
INT0792,Intern_792,28,Male,Undergraduate,Lahore,IT,6 Months,Paid,No,0,46,53.4,Completed
INT0793,Intern_793,21,Female,Graduate,Bahawalpur,HR,2 Months,Unpaid,No,0,16,56.9,Dropped
INT0794,Intern_794,23,Female,PhD,Faisalabad,IT,1 Month,Unpaid,Yes,18,35,88.8,Completed
INT0795,Intern_795,27,Female,Graduate,Multan,Finance,6 Months,Paid,No,0,38,82.9,Completed
INT0796,Intern_796,22,Male,Graduate,Multan,Finance,1 Month,Paid,Yes,20,13,89.3,Dropped
INT0797,Intern_797,28,Female,PhD,Multan,Data Science,2 Months,Unpaid,No,0,20,70.9,Enrolled
INT0798,Intern_798,22,Male,Graduate,Peshawar,Finance,1 Month,Paid,No,0,45,61.5,Dropped
INT0799,Intern_799,22,Female,PhD,Multan,Legal,2 Months,Unpaid,Yes,12,12,91.3,Completed
INT0800,Intern_800,21,Male,Graduate,Karachi,IT,3 Months,Paid,Yes,9,29,59.7,Dropped
INT0801,Intern_801,21,Male,Undergraduate,Peshawar,Legal,3 Months,Unpaid,Yes,7,17,85.9,Completed
INT0802,Intern_802,20,Male,Undergraduate,Islamabad,Data Science,2 Months,Unpaid,Yes,0,44,56.9,Completed
INT0803,Intern_803,24,Female,Graduate,Peshawar,Marketing,3 Months,Unpaid,Yes,5,34,98.9,Completed
INT0804,Intern_804,22,Male,Undergraduate,Islamabad,Legal,6 Months,Paid,Yes,17,25,84.7,Completed
INT0805,Intern_805,21,Male,PhD,Peshawar,Data Science,6 Months,Unpaid,Yes,10,16,52.7,Completed
INT0806,Intern_806,28,Male,PhD,Lahore,Engineering,2 Months,Unpaid,No,0,5,58.4,Dropped
INT0807,Intern_807,27,Female,Undergraduate,Multan,Design,3 Months,Unpaid,No,0,45,74.2,Enrolled
INT0808,Intern_808,22,Female,PhD,Karachi,Operations,6 Months,Paid,No,0,13,72.6,Enrolled
INT0809,Intern_809,24,Female,Graduate,Faisalabad,HR,6 Months,Paid,Yes,8,36,54.2,Completed
INT0810,Intern_810,27,Female,Undergraduate,Karachi,Marketing,3 Months,Unpaid,No,0,40,66.8,Completed
INT0811,Intern_811,23,Female,Graduate,Bahawalpur,Operations,6 Months,Unpaid,No,0,25,51.2,Enrolled
INT0812,Intern_812,27,Male,Graduate,Lahore,Operations,2 Months,Unpaid,No,0,33,77.3,Dropped
INT0813,Intern_813,19,Male,Undergraduate,Lahore,Marketing,3 Months,Unpaid,Yes,17,13,66.7,Completed
INT0814,Intern_814,19,Female,Undergraduate,Islamabad,Data Science,3 Months,Unpaid,No,0,50,65.0,Enrolled
INT0815,Intern_815,22,Male,Graduate,Islamabad,Data Science,6 Months,Unpaid,No,0,15,86.2,Dropped
INT0816,Intern_816,20,Female,PhD,Bahawalpur,HR,6 Months,Unpaid,Yes,10,13,71.4,Completed
INT0817,Intern_817,21,Female,PhD,Karachi,Design,2 Months,Unpaid,No,0,37,93.7,Completed
INT0818,Intern_818,25,Female,Graduate,Peshawar,Engineering,1 Month,Unpaid,No,0,44,87.6,Completed
INT0819,Intern_819,21,Male,PhD,Karachi,Sales,3 Months,Paid,No,0,22,78.4,Completed
INT0820,Intern_820,22,Male,Graduate,Lahore,Legal,6 Months,Unpaid,No,0,31,55.4,Completed
INT0821,Intern_821,19,Male,Undergraduate,Lahore,Legal,6 Months,Paid,No,0,45,80.2,Dropped
INT0822,Intern_822,22,Male,Graduate,Quetta,IT,2 Months,Paid,Yes,9,43,76.2,Completed
INT0823,Intern_823,25,Male,Undergraduate,Multan,Operations,1 Month,Unpaid,No,0,11,99.5,Completed
INT0824,Intern_824,22,Male,Graduate,Peshawar,Finance,6 Months,Paid,No,0,20,71.6,Completed
INT0825,Intern_825,22,Male,PhD,Bahawalpur,Operations,2 Months,Unpaid,No,0,1,99.6,Completed
INT0826,Intern_826,26,Male,PhD,Multan,Operations,1 Month,Unpaid,No,0,30,78.8,Enrolled
INT0827,Intern_827,28,Female,PhD,Quetta,Marketing,3 Months,Unpaid,No,0,12,70.8,Completed
INT0828,Intern_828,25,Female,PhD,Islamabad,Finance,6 Months,Paid,No,0,45,97.3,Completed
INT0829,Intern_829,26,Female,PhD,Lahore,HR,2 Months,Paid,No,0,27,99.6,Dropped
INT0830,Intern_830,26,Male,Undergraduate,Multan,Sales,1 Month,Unpaid,No,0,11,62.6,Dropped
INT0831,Intern_831,24,Male,Undergraduate,Bahawalpur,Sales,1 Month,Unpaid,No,0,48,70.0,Completed
INT0832,Intern_832,24,Male,Graduate,Lahore,HR,6 Months,Paid,Yes,14,32,73.1,Completed
INT0833,Intern_833,21,Male,Graduate,Quetta,Marketing,2 Months,Paid,No,0,2,80.3,Completed
INT0834,Intern_834,23,Female,Undergraduate,Lahore,Finance,3 Months,Paid,Yes,4,29,67.9,Completed
INT0835,Intern_835,25,Female,PhD,Karachi,HR,1 Month,Paid,Yes,9,29,52.6,Completed
INT0836,Intern_836,22,Male,Undergraduate,Multan,IT,1 Month,Paid,No,0,6,50.8,Completed
INT0837,Intern_837,20,Male,PhD,Lahore,IT,1 Month,Paid,No,0,43,58.4,Enrolled
INT0838,Intern_838,28,Male,Graduate,Multan,Finance,1 Month,Paid,No,0,14,96.7,Completed
INT0839,Intern_839,24,Male,Undergraduate,Lahore,Design,6 Months,Unpaid,Yes,5,1,70.1,Completed
INT0840,Intern_840,23,Male,Graduate,Peshawar,Data Science,1 Month,Paid,No,0,42,81.2,Completed
INT0841,Intern_841,27,Female,Graduate,Bahawalpur,IT,1 Month,Paid,Yes,18,11,62.6,Completed
INT0842,Intern_842,26,Male,Graduate,Islamabad,Marketing,3 Months,Unpaid,No,0,5,66.8,Dropped
INT0843,Intern_843,19,Male,PhD,Karachi,Legal,6 Months,Paid,No,0,40,87.9,Completed
INT0844,Intern_844,21,Female,Undergraduate,Lahore,Marketing,3 Months,Paid,Yes,11,32,64.8,Enrolled
INT0845,Intern_845,21,Male,Undergraduate,Bahawalpur,Finance,6 Months,Unpaid,Yes,8,21,82.2,Completed
INT0846,Intern_846,22,Male,Undergraduate,Multan,IT,6 Months,Unpaid,No,0,14,77.0,Completed
INT0847,Intern_847,20,Female,Undergraduate,Bahawalpur,HR,2 Months,Paid,No,0,32,53.5,Completed
INT0848,Intern_848,28,Male,Undergraduate,Lahore,HR,1 Month,Paid,Yes,17,14,61.8,Enrolled
INT0849,Intern_849,25,Female,Undergraduate,Peshawar,Marketing,6 Months,Paid,No,0,12,80.3,Completed
INT0850,Intern_850,24,Male,Graduate,Bahawalpur,Engineering,3 Months,Paid,No,0,26,68.9,Completed
INT0851,Intern_851,25,Female,Undergraduate,Bahawalpur,Operations,6 Months,Paid,No,0,28,92.7,Completed
INT0852,Intern_852,26,Female,Graduate,Bahawalpur,Engineering,2 Months,Unpaid,Yes,9,25,78.1,Dropped
INT0853,Intern_853,21,Male,PhD,Bahawalpur,Operations,1 Month,Paid,No,0,13,50.2,Completed
INT0854,Intern_854,25,Female,Graduate,Faisalabad,Sales,3 Months,Unpaid,No,0,32,65.4,Enrolled
INT0855,Intern_855,22,Male,Undergraduate,Faisalabad,Legal,1 Month,Paid,No,0,49,71.8,Completed
INT0856,Intern_856,25,Female,PhD,Karachi,Engineering,3 Months,Unpaid,No,0,48,62.3,Completed
INT0857,Intern_857,28,Male,PhD,Islamabad,Operations,1 Month,Unpaid,No,0,30,97.2,Completed
INT0858,Intern_858,25,Male,Undergraduate,Lahore,Finance,3 Months,Paid,Yes,12,46,79.3,Completed
INT0859,Intern_859,27,Male,Graduate,Quetta,Marketing,2 Months,Unpaid,No,0,35,82.9,Completed
INT0860,Intern_860,23,Male,Undergraduate,Multan,Design,3 Months,Paid,No,0,48,60.5,Completed
INT0861,Intern_861,20,Male,Graduate,Karachi,Design,3 Months,Paid,Yes,13,34,70.8,Completed
INT0862,Intern_862,22,Male,Graduate,Islamabad,Engineering,6 Months,Paid,Yes,15,12,75.1,Completed
INT0863,Intern_863,22,Male,Undergraduate,Karachi,Marketing,6 Months,Paid,Yes,8,27,72.0,Completed
INT0864,Intern_864,20,Male,Graduate,Lahore,Legal,1 Month,Unpaid,Yes,8,5,67.1,Completed
INT0865,Intern_865,19,Female,PhD,Lahore,Legal,2 Months,Paid,No,0,18,87.6,Completed
INT0866,Intern_866,28,Male,PhD,Karachi,IT,1 Month,Unpaid,Yes,16,49,63.3,Completed
INT0867,Intern_867,24,Female,Graduate,Multan,Operations,6 Months,Unpaid,No,0,16,97.0,Completed
INT0868,Intern_868,26,Female,Graduate,Lahore,Design,6 Months,Paid,Yes,12,47,91.8,Completed
INT0869,Intern_869,26,Female,PhD,Peshawar,Finance,1 Month,Unpaid,Yes,19,44,82.9,Dropped
INT0870,Intern_870,24,Male,PhD,Multan,Operations,6 Months,Paid,Yes,1,48,66.3,Enrolled
INT0871,Intern_871,25,Female,PhD,Lahore,Operations,2 Months,Unpaid,No,0,31,99.3,Completed
INT0872,Intern_872,21,Male,PhD,Islamabad,Marketing,6 Months,Paid,No,0,32,89.8,Completed
INT0873,Intern_873,22,Female,Undergraduate,Bahawalpur,Engineering,6 Months,Paid,Yes,6,11,87.7,Completed
INT0874,Intern_874,23,Male,Undergraduate,Multan,Marketing,1 Month,Unpaid,No,0,15,86.0,Completed
INT0875,Intern_875,28,Female,Undergraduate,Multan,Operations,1 Month,Paid,Yes,19,5,82.2,Completed
INT0876,Intern_876,23,Male,Undergraduate,Quetta,Design,6 Months,Paid,No,0,6,55.6,Completed
INT0877,Intern_877,28,Female,Undergraduate,Multan,Data Science,2 Months,Unpaid,Yes,0,20,53.1,Dropped
INT0878,Intern_878,27,Female,Graduate,Multan,Sales,2 Months,Paid,No,0,43,80.1,Completed
INT0879,Intern_879,21,Male,PhD,Bahawalpur,HR,1 Month,Unpaid,No,0,19,91.9,Completed
INT0880,Intern_880,23,Female,Undergraduate,Karachi,Operations,6 Months,Unpaid,Yes,16,45,56.2,Completed
INT0881,Intern_881,24,Female,Graduate,Faisalabad,Legal,6 Months,Paid,Yes,4,46,60.5,Completed
INT0882,Intern_882,21,Female,PhD,Faisalabad,HR,1 Month,Unpaid,Yes,0,36,69.6,Dropped
INT0883,Intern_883,23,Female,Graduate,Lahore,Design,6 Months,Unpaid,No,0,45,96.2,Completed
INT0884,Intern_884,26,Male,Graduate,Karachi,Sales,6 Months,Unpaid,Yes,20,11,78.9,Completed
INT0885,Intern_885,19,Male,Undergraduate,Peshawar,Operations,6 Months,Paid,No,0,24,86.3,Dropped
INT0886,Intern_886,20,Female,Graduate,Islamabad,Legal,1 Month,Paid,Yes,11,31,59.0,Completed
INT0887,Intern_887,19,Female,Undergraduate,Faisalabad,IT,1 Month,Paid,No,0,8,62.0,Dropped
INT0888,Intern_888,25,Female,PhD,Lahore,Operations,3 Months,Unpaid,Yes,8,41,82.7,Completed
INT0889,Intern_889,27,Male,Undergraduate,Lahore,Data Science,1 Month,Unpaid,Yes,7,2,79.3,Completed
INT0890,Intern_890,26,Male,PhD,Islamabad,Legal,6 Months,Unpaid,No,0,42,85.1,Completed
INT0891,Intern_891,19,Female,Undergraduate,Islamabad,Engineering,2 Months,Unpaid,Yes,12,36,90.9,Completed
INT0892,Intern_892,28,Male,Undergraduate,Lahore,Sales,6 Months,Paid,Yes,5,1,77.7,Dropped
INT0893,Intern_893,20,Male,PhD,Peshawar,Data Science,1 Month,Paid,Yes,17,17,92.6,Dropped
INT0894,Intern_894,19,Female,Graduate,Islamabad,IT,1 Month,Unpaid,Yes,7,20,52.3,Completed
INT0895,Intern_895,27,Male,PhD,Bahawalpur,Sales,3 Months,Unpaid,No,0,23,80.3,Dropped
INT0896,Intern_896,21,Male,Undergraduate,Karachi,Sales,2 Months,Paid,Yes,9,14,97.9,Completed
INT0897,Intern_897,27,Female,Undergraduate,Faisalabad,Legal,2 Months,Paid,No,0,17,63.0,Completed
INT0898,Intern_898,27,Male,Graduate,Faisalabad,Finance,6 Months,Paid,No,0,14,53.5,Enrolled
INT0899,Intern_899,25,Male,Graduate,Islamabad,Engineering,2 Months,Unpaid,No,0,25,51.3,Completed
INT0900,Intern_900,20,Female,Undergraduate,Lahore,Legal,2 Months,Unpaid,Yes,10,41,54.4,Completed
INT0901,Intern_901,25,Male,Graduate,Karachi,Data Science,3 Months,Paid,Yes,7,25,97.6,Completed
INT0902,Intern_902,27,Female,Undergraduate,Multan,Marketing,2 Months,Unpaid,No,0,18,80.4,Completed
INT0903,Intern_903,26,Female,Undergraduate,Multan,IT,2 Months,Unpaid,No,0,38,56.4,Completed
INT0904,Intern_904,24,Male,Graduate,Quetta,IT,2 Months,Paid,Yes,7,44,80.4,Completed
INT0905,Intern_905,25,Female,Graduate,Quetta,Operations,2 Months,Unpaid,No,0,34,97.1,Completed
INT0906,Intern_906,20,Female,Graduate,Multan,HR,3 Months,Paid,Yes,2,47,62.0,Dropped
INT0907,Intern_907,19,Male,PhD,Quetta,Marketing,2 Months,Unpaid,Yes,13,44,75.4,Dropped
INT0908,Intern_908,19,Male,Graduate,Karachi,Finance,6 Months,Paid,No,0,46,71.2,Completed
INT0909,Intern_909,27,Male,PhD,Bahawalpur,Sales,3 Months,Paid,Yes,7,12,53.8,Completed
INT0910,Intern_910,24,Female,Graduate,Faisalabad,Finance,3 Months,Paid,Yes,3,22,95.7,Completed
INT0911,Intern_911,22,Female,Graduate,Quetta,HR,1 Month,Unpaid,No,0,1,86.9,Dropped
INT0912,Intern_912,28,Female,PhD,Karachi,Legal,6 Months,Unpaid,Yes,15,4,67.8,Completed
INT0913,Intern_913,24,Female,Graduate,Lahore,Legal,6 Months,Paid,No,0,47,59.3,Completed
INT0914,Intern_914,27,Female,Graduate,Peshawar,Data Science,1 Month,Paid,Yes,16,10,70.5,Completed
INT0915,Intern_915,24,Female,Undergraduate,Bahawalpur,Operations,1 Month,Unpaid,Yes,9,24,71.4,Dropped
INT0916,Intern_916,21,Female,PhD,Bahawalpur,Finance,3 Months,Paid,Yes,11,48,71.7,Completed
INT0917,Intern_917,25,Male,Graduate,Karachi,Data Science,2 Months,Paid,Yes,13,48,66.6,Completed
INT0918,Intern_918,25,Female,PhD,Quetta,IT,2 Months,Paid,Yes,15,36,74.8,Enrolled
INT0919,Intern_919,19,Female,Undergraduate,Lahore,Finance,3 Months,Paid,No,0,9,57.8,Dropped
INT0920,Intern_920,28,Male,PhD,Multan,Sales,1 Month,Unpaid,Yes,0,28,74.0,Completed
INT0921,Intern_921,22,Female,Undergraduate,Islamabad,Engineering,6 Months,Paid,Yes,8,50,55.8,Dropped
INT0922,Intern_922,22,Male,Graduate,Lahore,Engineering,2 Months,Paid,No,0,38,81.4,Completed
INT0923,Intern_923,22,Male,Graduate,Karachi,Finance,2 Months,Unpaid,Yes,4,28,50.9,Enrolled
INT0924,Intern_924,22,Female,Graduate,Quetta,HR,1 Month,Paid,Yes,10,28,74.0,Dropped
INT0925,Intern_925,23,Female,Undergraduate,Quetta,Sales,6 Months,Unpaid,Yes,11,46,70.9,Completed
INT0926,Intern_926,22,Male,Undergraduate,Karachi,Data Science,1 Month,Unpaid,Yes,9,31,64.0,Completed
INT0927,Intern_927,24,Male,Graduate,Bahawalpur,Legal,1 Month,Unpaid,No,0,20,55.6,Completed
INT0928,Intern_928,22,Female,PhD,Multan,IT,2 Months,Unpaid,No,0,42,63.8,Dropped
INT0929,Intern_929,28,Male,Undergraduate,Lahore,Legal,6 Months,Paid,Yes,20,13,59.6,Completed
INT0930,Intern_930,27,Female,Graduate,Bahawalpur,Operations,1 Month,Paid,Yes,4,3,56.4,Completed
INT0931,Intern_931,20,Female,Graduate,Lahore,Design,3 Months,Unpaid,No,0,31,71.0,Completed
INT0932,Intern_932,19,Female,PhD,Islamabad,Sales,1 Month,Unpaid,Yes,18,4,89.7,Dropped
INT0933,Intern_933,27,Male,Undergraduate,Bahawalpur,HR,6 Months,Unpaid,No,0,50,69.5,Enrolled
INT0934,Intern_934,28,Male,Undergraduate,Islamabad,Legal,3 Months,Paid,Yes,0,33,72.8,Completed
INT0935,Intern_935,21,Male,Graduate,Quetta,Sales,3 Months,Paid,No,0,15,52.3,Completed
INT0936,Intern_936,19,Male,Graduate,Islamabad,HR,3 Months,Unpaid,Yes,20,16,99.5,Completed
INT0937,Intern_937,20,Female,PhD,Multan,HR,1 Month,Unpaid,Yes,17,17,86.1,Completed
INT0938,Intern_938,22,Male,PhD,Karachi,Design,3 Months,Unpaid,No,0,47,98.3,Enrolled
INT0939,Intern_939,28,Male,PhD,Faisalabad,Finance,3 Months,Unpaid,Yes,17,14,90.8,Completed
INT0940,Intern_940,26,Male,PhD,Faisalabad,HR,3 Months,Paid,No,0,15,86.5,Completed
INT0941,Intern_941,26,Female,Undergraduate,Bahawalpur,Design,3 Months,Paid,Yes,5,12,59.4,Completed
INT0942,Intern_942,25,Male,Graduate,Islamabad,Operations,2 Months,Paid,No,0,44,80.4,Completed
INT0943,Intern_943,20,Female,Undergraduate,Bahawalpur,Marketing,2 Months,Unpaid,Yes,16,9,86.3,Completed
INT0944,Intern_944,19,Female,Undergraduate,Lahore,IT,1 Month,Paid,No,0,9,62.4,Enrolled
INT0945,Intern_945,20,Male,Undergraduate,Lahore,Marketing,3 Months,Unpaid,Yes,6,9,74.0,Completed
INT0946,Intern_946,22,Female,Graduate,Bahawalpur,Legal,6 Months,Paid,Yes,1,35,84.6,Completed
INT0947,Intern_947,27,Male,Undergraduate,Quetta,Sales,1 Month,Paid,Yes,13,10,50.1,Completed
INT0948,Intern_948,23,Female,Graduate,Islamabad,HR,1 Month,Unpaid,Yes,7,44,69.2,Enrolled
INT0949,Intern_949,24,Male,Undergraduate,Lahore,Marketing,6 Months,Unpaid,Yes,2,40,66.7,Dropped
INT0950,Intern_950,28,Male,Undergraduate,Faisalabad,Data Science,1 Month,Unpaid,Yes,5,44,71.3,Dropped
INT0951,Intern_951,23,Male,Graduate,Bahawalpur,Engineering,3 Months,Unpaid,No,0,46,89.9,Completed
INT0952,Intern_952,26,Female,Undergraduate,Faisalabad,IT,2 Months,Unpaid,Yes,2,8,78.9,Dropped
INT0953,Intern_953,24,Female,Undergraduate,Islamabad,Engineering,2 Months,Unpaid,Yes,10,32,71.2,Completed
INT0954,Intern_954,27,Male,Graduate,Faisalabad,Design,3 Months,Unpaid,Yes,17,32,76.6,Dropped
INT0955,Intern_955,22,Female,PhD,Peshawar,HR,6 Months,Paid,Yes,11,1,60.2,Completed
INT0956,Intern_956,24,Male,Undergraduate,Karachi,IT,3 Months,Unpaid,No,0,50,91.0,Completed
INT0957,Intern_957,19,Female,Undergraduate,Peshawar,Engineering,6 Months,Paid,Yes,4,8,98.1,Completed
INT0958,Intern_958,28,Female,Graduate,Karachi,Finance,6 Months,Paid,Yes,2,31,91.9,Completed
INT0959,Intern_959,20,Female,Undergraduate,Lahore,Finance,1 Month,Paid,Yes,0,37,91.6,Completed
INT0960,Intern_960,26,Female,PhD,Islamabad,Design,2 Months,Unpaid,Yes,13,47,66.9,Dropped
INT0961,Intern_961,27,Male,Undergraduate,Karachi,IT,3 Months,Paid,Yes,5,1,69.8,Completed
INT0962,Intern_962,21,Female,PhD,Peshawar,Design,6 Months,Unpaid,No,0,18,98.7,Completed
INT0963,Intern_963,25,Male,Graduate,Karachi,Sales,6 Months,Paid,Yes,5,48,98.8,Completed
INT0964,Intern_964,21,Female,Graduate,Faisalabad,Legal,1 Month,Unpaid,No,0,4,90.2,Completed
INT0965,Intern_965,28,Male,Undergraduate,Lahore,Design,2 Months,Unpaid,No,0,50,92.3,Completed
INT0966,Intern_966,22,Male,PhD,Lahore,IT,2 Months,Paid,No,0,39,50.5,Completed
INT0967,Intern_967,28,Male,Undergraduate,Quetta,Engineering,2 Months,Paid,Yes,18,3,78.2,Dropped
INT0968,Intern_968,24,Female,Undergraduate,Quetta,Operations,1 Month,Paid,Yes,9,26,75.0,Completed
INT0969,Intern_969,25,Male,PhD,Lahore,Data Science,6 Months,Unpaid,No,0,48,75.2,Dropped
INT0970,Intern_970,21,Female,Graduate,Karachi,Sales,2 Months,Unpaid,Yes,4,44,73.2,Completed
INT0971,Intern_971,26,Male,PhD,Islamabad,Marketing,2 Months,Unpaid,Yes,4,22,64.5,Dropped
INT0972,Intern_972,21,Female,Undergraduate,Peshawar,Legal,6 Months,Paid,Yes,18,41,99.7,Dropped
INT0973,Intern_973,20,Female,PhD,Lahore,Marketing,1 Month,Unpaid,Yes,14,21,58.5,Dropped
INT0974,Intern_974,20,Female,PhD,Multan,Engineering,2 Months,Unpaid,Yes,2,12,85.5,Completed
INT0975,Intern_975,28,Female,Graduate,Islamabad,Operations,3 Months,Paid,No,0,32,52.0,Completed
INT0976,Intern_976,24,Male,Graduate,Multan,Engineering,6 Months,Unpaid,No,0,6,84.1,Completed
INT0977,Intern_977,27,Male,PhD,Karachi,Sales,6 Months,Paid,No,0,1,57.7,Dropped
INT0978,Intern_978,22,Male,PhD,Faisalabad,Marketing,3 Months,Paid,No,0,25,93.7,Completed
INT0979,Intern_979,20,Female,PhD,Bahawalpur,Marketing,3 Months,Paid,No,0,12,86.6,Completed
INT0980,Intern_980,24,Female,Graduate,Lahore,Design,6 Months,Unpaid,Yes,19,32,60.6,Completed
INT0981,Intern_981,21,Female,Undergraduate,Islamabad,Operations,1 Month,Unpaid,No,0,41,60.7,Completed
INT0982,Intern_982,22,Male,Graduate,Faisalabad,Legal,1 Month,Unpaid,No,0,4,60.6,Dropped
INT0983,Intern_983,21,Female,PhD,Islamabad,IT,6 Months,Paid,No,0,5,63.7,Completed
INT0984,Intern_984,21,Female,PhD,Peshawar,Marketing,3 Months,Unpaid,No,0,4,54.6,Completed
INT0985,Intern_985,26,Male,Undergraduate,Multan,Design,3 Months,Unpaid,No,0,31,76.8,Dropped
INT0986,Intern_986,28,Female,Undergraduate,Peshawar,Finance,6 Months,Paid,No,0,40,57.2,Completed
INT0987,Intern_987,20,Female,Undergraduate,Bahawalpur,Data Science,1 Month,Unpaid,Yes,13,17,76.0,Dropped
INT0988,Intern_988,22,Female,PhD,Lahore,IT,6 Months,Paid,Yes,6,27,84.8,Completed
INT0989,Intern_989,24,Female,Undergraduate,Peshawar,Finance,6 Months,Paid,Yes,11,2,65.1,Completed
INT0990,Intern_990,24,Female,Graduate,Faisalabad,Engineering,1 Month,Unpaid,No,0,35,71.3,Dropped
INT0991,Intern_991,27,Female,Graduate,Multan,Data Science,1 Month,Paid,Yes,19,11,77.1,Dropped
INT0992,Intern_992,20,Female,PhD,Lahore,Design,3 Months,Paid,No,0,6,82.5,Completed
INT0993,Intern_993,27,Female,PhD,Lahore,Legal,6 Months,Unpaid,Yes,18,3,83.4,Completed
INT0994,Intern_994,22,Female,PhD,Faisalabad,Design,2 Months,Paid,Yes,15,8,67.5,Completed
INT0995,Intern_995,23,Male,Graduate,Peshawar,Operations,6 Months,Unpaid,No,0,43,63.2,Completed
INT0996,Intern_996,21,Female,Undergraduate,Karachi,Design,2 Months,Paid,Yes,11,34,91.0,Completed
INT0997,Intern_997,27,Male,PhD,Faisalabad,Legal,3 Months,Paid,No,0,26,59.6,Enrolled
INT0998,Intern_998,25,Male,PhD,Faisalabad,Design,1 Month,Paid,No,0,21,75.9,Completed
INT0999,Intern_999,23,Male,PhD,Lahore,Design,2 Months,Unpaid,Yes,17,11,97.4,Enrolled
INT1000,Intern_1000,19,Male,Graduate,Karachi,HR,1 Month,Paid,Yes,19,46,77.2,Completed
